Name;Accession;Organism;collection_date;country;host;strain
YMVcp-GS172b;MT501334.1;Yam mosaic virus;2016-11-01;Cameroon: Malarba II;Dioscorea cayenensis subsp. rotundata;YMVcp-GS172b
YMVcp-WH214b;MT501335.1;Yam mosaic virus;2016-11-02;Cameroon: Baigon, Foumbot;Dioscorea cayenensis;YMVcp-WH214b
YMVcp-HB285b;MT501336.1;Yam mosaic virus;2016-11-01;Cameroon: Ekoroko, Ntui;Dioscorea cayenensis;YMVcp-HB285b
YMVcp-HB96;MT501337.1;Yam mosaic virus;2016-11-01;Cameroon: Mandjou;Dioscorea cayenensis subsp. rotundata;YMVcp-HB96
YMVcp-GS100;MT501338.1;Yam mosaic virus;2016-11-01;Cameroon: Mayo Baleo;Dioscorea cayenensis subsp. rotundata;YMVcp-GS100
YMVcp-GS156;MT501339.1;Yam mosaic virus;2016-11-01;Cameroon: Karna -Manga;Dioscorea cayenensis subsp. rotundata;YMVcp-GS156
YMVcp-WH161;MT501340.1;Yam mosaic virus;2016-11-02;Cameroon: Bali;Dioscorea cayenensis;YMVcp-WH161
YMVcp-WH194;MT501341.1;Yam mosaic virus;2016-11-02;Cameroon: Batibo;Dioscorea cayenensis;YMVcp-WH194
YMVcp-WH127;MT501342.1;Yam mosaic virus;2016-11-02;Cameroon: Babadjou;Dioscorea cayenensis;YMVcp-WH127
YMVcp-GS143;MT501343.1;Yam mosaic virus;2016-11-01;Cameroon: Mayo Baleo;Dioscorea cayenensis subsp. rotundata;YMVcp-GS143
YMVcp-GS233;MT501344.1;Yam mosaic virus;2016-11-01;Cameroon: Ngaounyanga;Dioscorea cayenensis subsp. rotundata;YMVcp-GS233
YMVcp-WH261;MT501345.1;Yam mosaic virus;2016-11-02;Cameroon: Jakiri;Dioscorea cayenensis;YMVcp-WH261
YMVcp-GS280;MT501346.1;Yam mosaic virus;2016-11-01;Cameroon: Tagboum;Dioscorea cayenensis subsp. rotundata;YMVcp-GS280
YMVcp-HB303;MT501347.1;Yam mosaic virus;2016-11-01;Cameroon: Nguette- Ntui;Dioscorea cayenensis;YMVcp-HB303
YMVcp-HM26;MT501348.1;Yam mosaic virus;2016-08-16;Cameroon: Mile 40 village;Dioscorea cayenensis subsp. rotundata;YMVcp-HM26
YMVcp-WH132;MT501349.1;Yam mosaic virus;2016-08-24;Cameroon: Kontan Bali;Dioscorea cayenensis;YMVcp-WH132
YMVcp-GS183;MT501350.1;Yam mosaic virus;2016-08-28;Cameroon: Nem -ne, Wara;Dioscorea cayenensis subsp. rotundata;YMVcp-GS183
YMVcp-GS258;MT501351.1;Yam mosaic virus;2016-09-05;Cameroon: Mbele Mbeke;Dioscorea cayenensis;YMVcp-GS258
YMVcp-HB290;MT501352.1;Yam mosaic virus;2016-09-10;Cameroon: Ndji Batchinga;Dioscorea cayenensis;YMVcp-HB290
YMVcp-HB298;MT501353.1;Yam mosaic virus;2016-09-11;Cameroon: Kella, Ntui;Dioscorea cayenensis subsp. rotundata;YMVcp-HB298
YMVcp-HB295;MT501354.1;Yam mosaic virus;2016-09-12;Cameroon: Beahango Mbangassina;Dioscorea cayenensis subsp. rotundata;YMVcp-HB295
YMVcp-WH126;MT501355.1;Yam mosaic virus;2016-11-02;Cameroon: Bafoussam;Dioscorea schimperiana;YMVcp-WH126
YMVcp-HB160;MT501356.1;Yam mosaic virus;2016-11-01;Cameroon: Ekoroko, Ntui;Dioscorea esculenta;YMVcp-HB160
YMVcp-HM190;MT501357.1;Yam mosaic virus;2016-11-01;Cameroon: Mbonge;Dioscorea cayenensis subsp. rotundata;YMVcp-HM190
YMVcp-WH201b;MT501358.1;Yam mosaic virus;2016-11-01;Cameroon: Mankon;Dioscorea cayenensis;YMVcp-WH201b
Au-Sc2-17-1;MT501399.1;Yam mosaic virus;2017-01-01;Nigeria: Alumaco, Ibadan;Dioscorea cayenensis subsp. rotundata;Au-Sc2-17-1
Fk-Sc2-17-2;MT501400.1;Yam mosaic virus;2017-01-01;Nigeria: Faketsa, Ibadan;Dioscorea cayenensis subsp. rotundata;Fk-Sc2-17-2
Las-Sc3-17-1;MT501401.1;Yam mosaic virus;2017-01-02;Nigeria: Lasiri, Ibadan;Dioscorea cayenensis subsp. rotundata;Las-Sc3-17-1
Am-Sc3-17-1;MT501402.1;Yam mosaic virus;2017-01-03;Nigeria: Ame, Ibadan;Dioscorea cayenensis subsp. rotundata;Am-Sc3-17-1
Au-Sc2-17-2;MT501403.1;Yam mosaic virus;2017-01-04;Nigeria: Alumaco, Ibadan;Dioscorea cayenensis subsp. rotundata;Au-Sc2-17-2
AL-Sc2-17-1;MT501404.1;Yam mosaic virus;2017-01-05;Nigeria: Aloshi, Ibadan;Dioscorea cayenensis subsp. rotundata;AL-Sc2-17-1
Las-Sc2-17-1;MT501405.1;Yam mosaic virus;2017-01-06;Nigeria: Lasiri, Ibadan;Dioscorea cayenensis subsp. rotundata;Las-Sc2-17-1
Au-Sc3-17-1;MT501406.1;Yam mosaic virus;2017-01-07;Nigeria: Alumaco, Ibadan;Dioscorea cayenensis subsp. rotundata;Au-Sc3-17-1
Am-Sc2-17-1;MT501407.1;Yam mosaic virus;2017-01-08;Nigeria: Ame, Ibadan;Dioscorea cayenensis subsp. rotundata;Am-Sc2-17-1
Ek-Sc2-17-1;MT501408.1;Yam mosaic virus;2017-01-09;Nigeria: Ekpe, Ibadan;Dioscorea cayenensis subsp. rotundata;Ek-Sc2-17-1
Au-Sc3-17-2;MT501409.1;Yam mosaic virus;2017-01-10;Nigeria: Alumaco, Ibadan;Dioscorea cayenensis subsp. rotundata;Au-Sc3-17-2
Las-Sc3-17-2;MT501410.1;Yam mosaic virus;2017-01-11;Nigeria: Lasiri, Ibadan;Dioscorea cayenensis subsp. rotundata;Las-Sc3-17-2
Hem-Sc3-17-1;MT501411.1;Yam mosaic virus;2017-01-12;Nigeria: Hembakwase, Ibadan;Dioscorea cayenensis subsp. rotundata;Hem-Sc3-17-1
Al-Sc3-17-1;MT501412.1;Yam mosaic virus;2017-01-13;Nigeria: Aloshi, Ibadan;Dioscorea cayenensis subsp. rotundata;Al-Sc3-17-1
Ak-Sc3-17-1;MT501413.1;Yam mosaic virus;2017-01-14;Nigeria: Adaka, Ibadan;Dioscorea cayenensis subsp. rotundata;Ak-Sc3-17-1
Al-Sc2-17-2;MT501414.1;Yam mosaic virus;2017-01-15;Nigeria: Aloshi, Ibadan;Dioscorea cayenensis subsp. rotundata;Al-Sc2-17-2
Mk-Sc3-17-2;MT501415.1;Yam mosaic virus;2017-01-16;Nigeria: Meccakusa, Ibadan;Dioscorea cayenensis subsp. rotundata;Mk-Sc3-17-2
Mk-Sc2-17-1;MT501416.1;Yam mosaic virus;2017-01-17;Nigeria: Meccakusa, Ibadan;Dioscorea cayenensis subsp. rotundata;Mk-Sc2-17-1
Las-Sc3-17-3;MT501417.1;Yam mosaic virus;2017-01-18;Nigeria: Lasiri, Ibadan;Dioscorea cayenensis subsp. rotundata;Las-Sc3-17-3
Mk-Sc2-17-2;MT501418.1;Yam mosaic virus;2017-01-19;Nigeria: Meccakusa, Ibadan;Dioscorea cayenensis subsp. rotundata;Mk-Sc2-17-2
Dr-Sc3-17-1;MT501419.1;Yam mosaic virus;2017-01-20;Nigeria: Daribokor, Ibadan;Dioscorea cayenensis subsp. rotundata;Dr-Sc3-17-1
Ek-Sc2-17-2;MT501420.1;Yam mosaic virus;2017-01-21;Nigeria: Ekpe, Ibadan;Dioscorea cayenensis subsp. rotundata;Ek-Sc2-17-2
Ek-Sc3-17-2;MT501421.1;Yam mosaic virus;2017-01-22;Nigeria: Ekpe, Ibadan;Dioscorea cayenensis subsp. rotundata;Ek-Sc3-17-2
AL-Sc2-17-3;MT501422.1;Yam mosaic virus;2017-01-23;Nigeria: Aloshi, Ibadan;Dioscorea cayenensis subsp. rotundata;AL-Sc2-17-3
Hem-Sc2-17-2;MT501423.1;Yam mosaic virus;2017-01-24;Nigeria: Hembakwase, Ibadan;Dioscorea cayenensis subsp. rotundata;Hem-Sc2-17-2
Hem-Sc2-17-3;MT501424.1;Yam mosaic virus;2017-01-25;Nigeria: Hembakwase, Ibadan;Dioscorea cayenensis subsp. rotundata;Hem-Sc2-17-3
AL-Sc2-18-1;MT501425.1;Yam mosaic virus;2017-01-26;Nigeria: Aloshi, Ibadan;Dioscorea cayenensis subsp. rotundata;AL-Sc2-18-1
Au-Sc2-18-2;MT501426.1;Yam mosaic virus;2017-01-27;Nigeria: Alumaco, Ibadan;Dioscorea cayenensis subsp. rotundata;Au-Sc2-18-2
Fk-Sc2-18-1;MT501427.1;Yam mosaic virus;2017-01-28;Nigeria: Faketsa, Ibadan;Dioscorea cayenensis subsp. rotundata;Fk-Sc2-18-1
Hem-Sc2-18-2;MT501428.1;Yam mosaic virus;2017-01-29;Nigeria: Hembakwase, Ibadan;Dioscorea cayenensis subsp. rotundata;Hem-Sc2-18-2
AK-Sc2-18-1;MT501429.1;Yam mosaic virus;2017-01-30;Nigeria: Adaka, Ibadan;Dioscorea cayenensis subsp. rotundata;AK-Sc2-18-1
Am-Sc2-18-3;MT501430.1;Yam mosaic virus;2017-01-31;Nigeria: Ame, Ibadan;Dioscorea cayenensis subsp. rotundata;Am-Sc2-18-3
Ak-Sc2-18-3;MT501431.1;Yam mosaic virus;2017-02-01;Nigeria: Adaka, Ibadan;Dioscorea cayenensis subsp. rotundata;Ak-Sc2-18-3
Ak-Sc2-18-4;MT501432.1;Yam mosaic virus;2017-02-02;Nigeria: Adaka, Ibadan;Dioscorea cayenensis subsp. rotundata;Ak-Sc2-18-4
Au-Sc2-18-5;MT501433.1;Yam mosaic virus;2017-02-03;Nigeria: Alumaco, Ibadan;Dioscorea cayenensis subsp. rotundata;Au-Sc2-18-5
Au-Sc2-18-6;MT501434.1;Yam mosaic virus;2017-02-04;Nigeria: Alumaco, Ibadan;Dioscorea cayenensis subsp. rotundata;Au-Sc2-18-6
Al-Sc2-18-2;MT501435.1;Yam mosaic virus;2017-02-05;Nigeria: Aloshi, Ibadan;Dioscorea cayenensis subsp. rotundata;Al-Sc2-18-2
Am-Sc2-17-2;MT501436.1;Yam mosaic virus;2017-02-06;Nigeria: Ame, Ibadan;Dioscorea cayenensis subsp. rotundata;Am-Sc2-17-2
Au-Sc2-18-1;MT501437.1;Yam mosaic virus;2017-02-07;Nigeria: Alumaco, Ibadan;Dioscorea cayenensis subsp. rotundata;Au-Sc2-18-1
Mk-Sc2-18-1;MT501438.1;Yam mosaic virus;2017-02-08;Nigeria: Meccakusa, Ibadan;Dioscorea cayenensis subsp. rotundata;Mk-Sc2-18-1
EK-Sc2-18-1;MT501439.1;Yam mosaic virus;2017-02-09;Nigeria: Ekpe, Ibadan;Dioscorea cayenensis subsp. rotundata;EK-Sc2-18-1
EK-Sc3-18-1;MT501440.1;Yam mosaic virus;2017-02-10;Nigeria: Ekpe, Ibadan;Dioscorea cayenensis subsp. rotundata;EK-Sc3-18-1
Mk-Sc2-17-3;MT501441.1;Yam mosaic virus;2017-02-11;Nigeria: Meccakusa, Ibadan;Dioscorea cayenensis subsp. rotundata;Mk-Sc2-17-3
AL-Sc3-17-2;MT501442.1;Yam mosaic virus;2017-02-12;Nigeria: Aloshi, Ibadan;Dioscorea cayenensis subsp. rotundata;AL-Sc3-17-2
Fk-Sc2-17-1;MT501443.1;Yam mosaic virus;2017-02-13;Nigeria: Faketsa, Ibadan;Dioscorea cayenensis subsp. rotundata;Fk-Sc2-17-1
Fk-Sc2-18-2;MT501444.1;Yam mosaic virus;2017-02-14;Nigeria: Faketsa, Ibadan;Dioscorea cayenensis subsp. rotundata;Fk-Sc2-18-2
Ek-Sc3-17-1;MT501445.1;Yam mosaic virus;2017-02-15;Nigeria: Ekpe, Ibadan;Dioscorea cayenensis subsp. rotundata;Ek-Sc3-17-1
Dr-Sc2-17-2;MT501446.1;Yam mosaic virus;2017-02-16;Nigeria: Daribokor, Ibadan;Dioscorea cayenensis subsp. rotundata;Dr-Sc2-17-2
Ak-Sc2-17-1;MT501447.1;Yam mosaic virus;2017-02-17;Nigeria: Adaka, Ibadan;Dioscorea cayenensis subsp. rotundata;Ak-Sc2-17-1
Las-Sc2-17-2;MT501448.1;Yam mosaic virus;2017-02-18;Nigeria: Lasiri, Ibadan;Dioscorea cayenensis subsp. rotundata;Las-Sc2-17-2
Mk-Sc3-17-3;MT501449.1;Yam mosaic virus;2017-02-19;Nigeria: Meccakusa, Ibadan;Dioscorea cayenensis subsp. rotundata;Mk-Sc3-17-3
Au-Sc2-18-3;MT501450.1;Yam mosaic virus;2017-02-20;Nigeria: Alumaco, Ibadan;Dioscorea cayenensis subsp. rotundata;Au-Sc2-18-3
Hem-Sc2-17-1F;MT501451.1;Yam mosaic virus;2017-02-21;Nigeria: Hembakwase, Ibadan;Dioscorea cayenensis subsp. rotundata;Hem-Sc2-17-1F
MK-GWAD-1;MT542849.1;Yam mosaic virus;2017-02-22;Nigeria: Makakusa;Dioscorea cayenensis subsp. rotundata;MK-GWAD-1
MK-GWAD-2;MT542850.1;Yam mosaic virus;2017-02-23;Nigeria: Makakusa;Dioscorea cayenensis subsp. rotundata;MK-GWAD-2
EK-ILUSHI-1;MT542851.1;Yam mosaic virus;2017-02-24;Nigeria: Ekpe;Dioscorea cayenensis subsp. rotundata;EK-ILUSHI-1
EK-ILUSHI-2;MT542852.1;Yam mosaic virus;2017-02-25;Nigeria: Ekpe;Dioscorea cayenensis subsp. rotundata;EK-ILUSHI-2
EK-NTEJE-1;MT542853.1;Yam mosaic virus;2017-02-26;Nigeria: Ekpe;Dioscorea cayenensis subsp. rotundata;EK-NTEJE-1
ALU-ILUSHI-1;MT542854.1;Yam mosaic virus;2017-02-27;Nigeria: Alumaco;Dioscorea cayenensis subsp. rotundata;ALU-ILUSHI-1
ALU-ILUSHI-2;MT542855.1;Yam mosaic virus;2017-02-28;Nigeria: Alumaco;Dioscorea cayenensis subsp. rotundata;ALU-ILUSHI-2
ADK-NTEJE-1;MT542856.1;Yam mosaic virus;2017-03-01;Nigeria: Adaka;Dioscorea cayenensis subsp. rotundata;ADK-NTEJE-1
FAK-ZAKI-1;MT542857.1;Yam mosaic virus;2017-03-02;Nigeria: Faketsa;Dioscorea cayenensis subsp. rotundata;FAK-ZAKI-1
MAK-PAK-3;MT542858.1;Yam mosaic virus;2017-03-03;Nigeria: Makakusa;Dioscorea cayenensis subsp. rotundata;MAK-PAK-3
LAS-SARKI-3;MT542859.1;Yam mosaic virus;2017-03-04;Nigeria: Lasiri;Dioscorea cayenensis subsp. rotundata;LAS-SARKI-3
AL-AGYAGU-1;MT542860.1;Yam mosaic virus;2017-03-05;Nigeria: Aloshi;Dioscorea cayenensis subsp. rotundata;AL-AGYAGU-1
AL-AGYAGU-2;MT542861.1;Yam mosaic virus;2017-03-06;Nigeria: Aloshi;Dioscorea cayenensis subsp. rotundata;AL-AGYAGU-2
AME-GWADALAD-3;MT542862.1;Yam mosaic virus;2017-03-07;Nigeria: Ame;Dioscorea cayenensis subsp. rotundata;AME-GWADALAD-3
AME-GWADALAD-1;MT542863.1;Yam mosaic virus;2017-03-08;Nigeria: Ame;Dioscorea cayenensis subsp. rotundata;AME-GWADALAD-1
Hem-AGYAGU-1;MT542864.1;Yam mosaic virus;2017-03-09;Nigeria: Hembakwase;Dioscorea cayenensis subsp. rotundata;Hem-AGYAGU-1
ADK-nteje-2;MT553854.1;Yam mosaic virus;2017-03-10;Nigeria: Adaka;Dioscorea cayenensis subsp. rotundata;ADK-nteje-2
YMVAy;MT591036.1;Yam mosaic virus;2017-06-28;Nigeria;Dioscorea cayenensis subsp. rotundata;YMVAy
YMVBy;MT591037.1;Yam mosaic virus;2017-06-28;Nigeria;Dioscorea cayenensis subsp. rotundata;YMVBy
YMVCy;MT591038.1;Yam mosaic virus;2017-06-28;Nigeria;Dioscorea cayenensis subsp. rotundata;YMVCy
YMVDy;MT591039.1;Yam mosaic virus;2017-06-28;Nigeria;Dioscorea cayenensis subsp. rotundata;YMVDy
YMVFy;MT591040.1;Yam mosaic virus;2017-06-28;Nigeria;Dioscorea cayenensis subsp. rotundata;YMVFy
YMVGy;MT591041.1;Yam mosaic virus;2017-06-28;Nigeria;Dioscorea cayenensis subsp. rotundata;YMVGy
YMVHy;MT591042.1;Yam mosaic virus;2017-06-28;Nigeria;Dioscorea cayenensis subsp. rotundata;YMVHy
YMVIy;MT591043.1;Yam mosaic virus;2017-06-28;Nigeria;Dioscorea cayenensis subsp. rotundata;YMVIy
YMVJy;MT591044.1;Yam mosaic virus;2017-06-28;Nigeria;Dioscorea cayenensis subsp. rotundata;YMVJy
YMVKy;MT591045.1;Yam mosaic virus;2017-06-28;Nigeria;Dioscorea cayenensis subsp. rotundata;YMVKy
YMVLy;MT591046.1;Yam mosaic virus;2017-06-28;Nigeria;Dioscorea cayenensis subsp. rotundata;YMVLy
YMVMy;MT591047.1;Yam mosaic virus;2017-06-28;Nigeria;Dioscorea alata;YMVMy
YMVNy;MT591048.1;Yam mosaic virus;2017-06-28;Nigeria;Dioscorea alata;YMVNy
YMVQy;MT591049.1;Yam mosaic virus;2017-06-28;Nigeria;Dioscorea cayenensis subsp. rotundata;YMVQy
Yoo421;MT591050.1;Yam mosaic virus;2017-06-28;Nigeria;Dioscorea cayenensis subsp. rotundata;Yoo421
Yoju;MT591051.1;Yam mosaic virus;2017-08-30;Nigeria;Dioscorea cayenensis subsp. rotundata;Yoju
Yoooo2;MT591052.1;Yam mosaic virus;2017-08-30;Nigeria;Dioscorea cayenensis subsp. rotundata;Yoooo2
Yo2665;MT591053.1;Yam mosaic virus;2017-08-30;Nigeria;Dioscorea cayenensis subsp. rotundata;Yo2665
Yo2607;MT591054.1;Yam mosaic virus;2017-08-30;Nigeria;Dioscorea cayenensis subsp. rotundata;Yo2607
Yooo34;MT591055.1;Yam mosaic virus;2017-08-30;Nigeria;Dioscorea cayenensis subsp. rotundata;Yooo34
Yoo497;MT591056.1;Yam mosaic virus;2017-08-30;Nigeria;Dioscorea cayenensis subsp. rotundata;Yoo497
YMVANb;MT591057.1;Yam mosaic virus;2017-07-10;Nigeria;Dioscorea cayenensis subsp. rotundata;YMVANb
YMVBNb;MT591058.1;Yam mosaic virus;2017-07-10;Nigeria;Dioscorea cayenensis subsp. rotundata;YMVBNb
YMVCNb;MT591059.1;Yam mosaic virus;2017-07-10;Nigeria;Dioscorea cayenensis subsp. rotundata;YMVCNb
R-Nov-17-YB13;MZ670826.1;Yam mosaic virus;2017-07-10;Nigeria;Dioscorea cayenensis subsp. rotundata;R-Nov-17-YB13
R-Nov-17-YB13;MZ670826.1;Yam mosaic virus;2017-07-10;Nigeria;Dioscorea cayenensis subsp. rotundata;R-Nov-17-YB13
R-Nov-17-YB13;MZ670826.1;Yam mosaic virus;2017-07-10;Nigeria;Dioscorea cayenensis subsp. rotundata;R-Nov-17-YB13
R-Nov-17-YB14;MZ670827.1;Yam mosaic virus;2017-07-10;Nigeria;Dioscorea cayenensis subsp. rotundata;R-Nov-17-YB14
R-Nov-17-YB14;MZ670827.1;Yam mosaic virus;2017-07-10;Nigeria;Dioscorea cayenensis subsp. rotundata;R-Nov-17-YB14
R-Nov-17-YB14;MZ670827.1;Yam mosaic virus;2017-07-10;Nigeria;Dioscorea cayenensis subsp. rotundata;R-Nov-17-YB14
R-Nov-17-YB16;MZ670828.1;Yam mosaic virus;2017-11-14;Nigeria;Dioscorea cayenensis subsp. rotundata;R-Nov-17-YB16
R-Nov-17-YB16;MZ670828.1;Yam mosaic virus;2017-11-14;Nigeria;Dioscorea cayenensis subsp. rotundata;R-Nov-17-YB16
R-Nov-17-YB16;MZ670828.1;Yam mosaic virus;2017-11-14;Nigeria;Dioscorea cayenensis subsp. rotundata;R-Nov-17-YB16
R-Nov-17-YB18;MZ670829.1;Yam mosaic virus;2017-11-14;Nigeria;Dioscorea cayenensis subsp. rotundata;R-Nov-17-YB18
R-Nov-17-YB18;MZ670829.1;Yam mosaic virus;2017-11-14;Nigeria;Dioscorea cayenensis subsp. rotundata;R-Nov-17-YB18
R-Nov-17-YB18;MZ670829.1;Yam mosaic virus;2017-11-14;Nigeria;Dioscorea cayenensis subsp. rotundata;R-Nov-17-YB18
R-Nov-17-YB19;MZ670830.1;Yam mosaic virus;2017-11-14;Nigeria;Dioscorea cayenensis subsp. rotundata;R-Nov-17-YB19
R-Nov-17-YB19;MZ670830.1;Yam mosaic virus;2017-11-14;Nigeria;Dioscorea cayenensis subsp. rotundata;R-Nov-17-YB19
R-Nov-17-YB19;MZ670830.1;Yam mosaic virus;2017-11-14;Nigeria;Dioscorea cayenensis subsp. rotundata;R-Nov-17-YB19
R-Nov-17-YB20;MZ670831.1;Yam mosaic virus;2017-11-14;Nigeria;Dioscorea cayenensis subsp. rotundata;R-Nov-17-YB20
R-Nov-17-YB20;MZ670831.1;Yam mosaic virus;2017-11-14;Nigeria;Dioscorea cayenensis subsp. rotundata;R-Nov-17-YB20
R-Nov-17-YB20;MZ670831.1;Yam mosaic virus;2017-11-14;Nigeria;Dioscorea cayenensis subsp. rotundata;R-Nov-17-YB20
R-Nov-17-YB21;MZ670832.1;Yam mosaic virus;2017-11-14;Nigeria;Dioscorea cayenensis subsp. rotundata;R-Nov-17-YB21
R-Nov-17-YB21;MZ670832.1;Yam mosaic virus;2017-11-14;Nigeria;Dioscorea cayenensis subsp. rotundata;R-Nov-17-YB21
R-Nov-17-YB21;MZ670832.1;Yam mosaic virus;2017-11-14;Nigeria;Dioscorea cayenensis subsp. rotundata;R-Nov-17-YB21
F-Apr-18-5-M3;MZ670833.1;Yam mosaic virus;2018-09-06;Nigeria;Dioscorea cayenensis subsp. rotundata;F-Apr-18-5-M3
F-Apr-18-5-M3;MZ670833.1;Yam mosaic virus;2018-09-06;Nigeria;Dioscorea cayenensis subsp. rotundata;F-Apr-18-5-M3
F-Apr-18-5-M3;MZ670833.1;Yam mosaic virus;2018-09-06;Nigeria;Dioscorea cayenensis subsp. rotundata;F-Apr-18-5-M3
F-Apr-18-5-L3-1;MZ670834.1;Yam mosaic virus;2018-04-15;Nigeria;Dioscorea cayenensis subsp. rotundata;F-Apr-18-5-L3-1
F-Apr-18-5-L3-1;MZ670834.1;Yam mosaic virus;2018-04-15;Nigeria;Dioscorea cayenensis subsp. rotundata;F-Apr-18-5-L3-1
F-Apr-18-5-L3-1;MZ670834.1;Yam mosaic virus;2018-04-15;Nigeria;Dioscorea cayenensis subsp. rotundata;F-Apr-18-5-L3-1
F-Apr-18-5-L1-1;MZ670835.1;Yam mosaic virus;2018-04-15;Nigeria;Dioscorea cayenensis subsp. rotundata;F-Apr-18-5-L1-1
F-Apr-18-5-L1-1;MZ670835.1;Yam mosaic virus;2018-04-15;Nigeria;Dioscorea cayenensis subsp. rotundata;F-Apr-18-5-L1-1
F-Apr-18-5-L1-1;MZ670835.1;Yam mosaic virus;2018-04-15;Nigeria;Dioscorea cayenensis subsp. rotundata;F-Apr-18-5-L1-1
F-Apr-18-5-L3-2;MZ670836.1;Yam mosaic virus;2018-04-15;Nigeria;Dioscorea cayenensis subsp. rotundata;F-Apr-18-5-L3-2
F-Apr-18-5-L3-2;MZ670836.1;Yam mosaic virus;2018-04-15;Nigeria;Dioscorea cayenensis subsp. rotundata;F-Apr-18-5-L3-2
F-Apr-18-5-L3-2;MZ670836.1;Yam mosaic virus;2018-04-15;Nigeria;Dioscorea cayenensis subsp. rotundata;F-Apr-18-5-L3-2
F-Apr-18-5-L3-3;MZ670837.1;Yam mosaic virus;2018-04-15;Nigeria;Dioscorea cayenensis subsp. rotundata;F-Apr-18-5-L3-3
F-Apr-18-5-L3-3;MZ670837.1;Yam mosaic virus;2018-04-15;Nigeria;Dioscorea cayenensis subsp. rotundata;F-Apr-18-5-L3-3
F-Apr-18-5-L3-3;MZ670837.1;Yam mosaic virus;2018-04-15;Nigeria;Dioscorea cayenensis subsp. rotundata;F-Apr-18-5-L3-3
F-Apr-18-5-L1-2;MZ670838.1;Yam mosaic virus;2018-04-15;Nigeria;Dioscorea cayenensis subsp. rotundata;F-Apr-18-5-L1-2
F-Apr-18-5-L1-2;MZ670838.1;Yam mosaic virus;2018-04-15;Nigeria;Dioscorea cayenensis subsp. rotundata;F-Apr-18-5-L1-2
F-Apr-18-5-L1-2;MZ670838.1;Yam mosaic virus;2018-04-15;Nigeria;Dioscorea cayenensis subsp. rotundata;F-Apr-18-5-L1-2
F-Apr-18-5-2;MZ670839.1;Yam mosaic virus;2018-04-15;Nigeria;Dioscorea cayenensis subsp. rotundata;F-Apr-18-5-2
F-Apr-18-5-2;MZ670839.1;Yam mosaic virus;2018-04-15;Nigeria;Dioscorea cayenensis subsp. rotundata;F-Apr-18-5-2
F-Apr-18-5-2;MZ670839.1;Yam mosaic virus;2018-04-15;Nigeria;Dioscorea cayenensis subsp. rotundata;F-Apr-18-5-2
F-Apr-18-5-L1-3;MZ670840.1;Yam mosaic virus;2018-04-15;Nigeria;Dioscorea cayenensis subsp. rotundata;F-Apr-18-5-L1-3
F-Apr-18-5-L1-3;MZ670840.1;Yam mosaic virus;2018-04-15;Nigeria;Dioscorea cayenensis subsp. rotundata;F-Apr-18-5-L1-3
F-Apr-18-5-L1-3;MZ670840.1;Yam mosaic virus;2018-04-15;Nigeria;Dioscorea cayenensis subsp. rotundata;F-Apr-18-5-L1-3
F-Apr-18-5-M1;MZ670841.1;Yam mosaic virus;2018-04-15;Nigeria;Dioscorea cayenensis subsp. rotundata;F-Apr-18-5-M1
F-Apr-18-5-M1;MZ670841.1;Yam mosaic virus;2018-04-15;Nigeria;Dioscorea cayenensis subsp. rotundata;F-Apr-18-5-M1
F-Apr-18-5-M1;MZ670841.1;Yam mosaic virus;2018-04-15;Nigeria;Dioscorea cayenensis subsp. rotundata;F-Apr-18-5-M1
F-Apr-19-50-S21;MZ670842.1;Yam mosaic virus;2019-04-07;Nigeria;Dioscorea cayenensis subsp. rotundata;F-Apr-19-50-S21
F-Apr-19-50-S21;MZ670842.1;Yam mosaic virus;2019-04-07;Nigeria;Dioscorea cayenensis subsp. rotundata;F-Apr-19-50-S21
F-Apr-19-50-S21;MZ670842.1;Yam mosaic virus;2019-04-07;Nigeria;Dioscorea cayenensis subsp. rotundata;F-Apr-19-50-S21
F-Apr-19-50-S4;MZ670843.1;Yam mosaic virus;2019-04-07;Nigeria;Dioscorea cayenensis subsp. rotundata;F-Apr-19-50-S4
F-Apr-19-50-S4;MZ670843.1;Yam mosaic virus;2019-04-07;Nigeria;Dioscorea cayenensis subsp. rotundata;F-Apr-19-50-S4
F-Apr-19-50-S4;MZ670843.1;Yam mosaic virus;2019-04-07;Nigeria;Dioscorea cayenensis subsp. rotundata;F-Apr-19-50-S4
F-Apr-19-50-S5;MZ670844.1;Yam mosaic virus;2019-04-07;Nigeria;Dioscorea cayenensis subsp. rotundata;F-Apr-19-50-S5
F-Apr-19-50-S5;MZ670844.1;Yam mosaic virus;2019-04-07;Nigeria;Dioscorea cayenensis subsp. rotundata;F-Apr-19-50-S5
F-Apr-19-50-S5;MZ670844.1;Yam mosaic virus;2019-04-07;Nigeria;Dioscorea cayenensis subsp. rotundata;F-Apr-19-50-S5
F-Apr-19-50-S3;MZ670845.1;Yam mosaic virus;2019-04-07;Nigeria;Dioscorea cayenensis subsp. rotundata;F-Apr-19-50-S3
F-Apr-19-50-S3;MZ670845.1;Yam mosaic virus;2019-04-07;Nigeria;Dioscorea cayenensis subsp. rotundata;F-Apr-19-50-S3
F-Apr-19-50-S3;MZ670845.1;Yam mosaic virus;2019-04-07;Nigeria;Dioscorea cayenensis subsp. rotundata;F-Apr-19-50-S3
F-May-20-2-X1D;MZ670846.1;Yam mosaic virus;2020-05-13;Nigeria;Dioscorea cayenensis subsp. rotundata;F-May-20-2-X1D
F-May-20-2-X1D;MZ670846.1;Yam mosaic virus;2020-05-13;Nigeria;Dioscorea cayenensis subsp. rotundata;F-May-20-2-X1D
F-May-20-2-X1D;MZ670846.1;Yam mosaic virus;2020-05-13;Nigeria;Dioscorea cayenensis subsp. rotundata;F-May-20-2-X1D
F-May-20-2-X1B;MZ670847.1;Yam mosaic virus;2020-05-13;Nigeria;Dioscorea cayenensis subsp. rotundata;F-May-20-2-X1B
F-May-20-2-X1B;MZ670847.1;Yam mosaic virus;2020-05-13;Nigeria;Dioscorea cayenensis subsp. rotundata;F-May-20-2-X1B
F-May-20-2-X1B;MZ670847.1;Yam mosaic virus;2020-05-13;Nigeria;Dioscorea cayenensis subsp. rotundata;F-May-20-2-X1B
F-May-20-2-X2B;MZ670848.1;Yam mosaic virus;2020-05-13;Nigeria;Dioscorea cayenensis subsp. rotundata;F-May-20-2-X2B
F-May-20-2-X2B;MZ670848.1;Yam mosaic virus;2020-05-13;Nigeria;Dioscorea cayenensis subsp. rotundata;F-May-20-2-X2B
F-May-20-2-X2B;MZ670848.1;Yam mosaic virus;2020-05-13;Nigeria;Dioscorea cayenensis subsp. rotundata;F-May-20-2-X2B
F-May-20-2-X3C;MZ670849.1;Yam mosaic virus;2020-05-13;Nigeria;Dioscorea cayenensis subsp. rotundata;F-May-20-2-X3C
F-May-20-2-X3C;MZ670849.1;Yam mosaic virus;2020-05-13;Nigeria;Dioscorea cayenensis subsp. rotundata;F-May-20-2-X3C
F-May-20-2-X3C;MZ670849.1;Yam mosaic virus;2020-05-13;Nigeria;Dioscorea cayenensis subsp. rotundata;F-May-20-2-X3C
R-Dec-16-pT2-1;MZ670850.1;Yam mosaic virus;2016-12-14;Nigeria;Dioscorea cayenensis subsp. rotundata;R-Dec-16-pT2-1
R-Dec-16-pT2-1;MZ670850.1;Yam mosaic virus;2016-12-14;Nigeria;Dioscorea cayenensis subsp. rotundata;R-Dec-16-pT2-1
R-Dec-16-pT2-1;MZ670850.1;Yam mosaic virus;2016-12-14;Nigeria;Dioscorea cayenensis subsp. rotundata;R-Dec-16-pT2-1
R-Dec-16-pT2-2;MZ670851.1;Yam mosaic virus;2016-12-14;Nigeria;Dioscorea cayenensis subsp. rotundata;R-Dec-16-pT2-2
R-Dec-16-pT2-2;MZ670851.1;Yam mosaic virus;2016-12-14;Nigeria;Dioscorea cayenensis subsp. rotundata;R-Dec-16-pT2-2
R-Dec-16-pT2-2;MZ670851.1;Yam mosaic virus;2016-12-14;Nigeria;Dioscorea cayenensis subsp. rotundata;R-Dec-16-pT2-2
R-Jan-17-pT2-1;MZ670852.1;Yam mosaic virus;2017-01-22;Nigeria;Dioscorea cayenensis subsp. rotundata;R-Jan-17-pT2-1
R-Jan-17-pT2-1;MZ670852.1;Yam mosaic virus;2017-01-22;Nigeria;Dioscorea cayenensis subsp. rotundata;R-Jan-17-pT2-1
R-Jan-17-pT2-1;MZ670852.1;Yam mosaic virus;2017-01-22;Nigeria;Dioscorea cayenensis subsp. rotundata;R-Jan-17-pT2-1
R-Jan-17-pT1-1;MZ670853.1;Yam mosaic virus;2017-01-22;Nigeria;Dioscorea cayenensis subsp. rotundata;R-Jan-17-pT1-1
R-Jan-17-pT1-1;MZ670853.1;Yam mosaic virus;2017-01-22;Nigeria;Dioscorea cayenensis subsp. rotundata;R-Jan-17-pT1-1
R-Jan-17-pT1-1;MZ670853.1;Yam mosaic virus;2017-01-22;Nigeria;Dioscorea cayenensis subsp. rotundata;R-Jan-17-pT1-1
R-Feb-17-pT1-1;MZ670854.1;Yam mosaic virus;2017-02-11;Nigeria;Dioscorea cayenensis subsp. rotundata;R-Feb-17-pT1-1
R-Feb-17-pT1-1;MZ670854.1;Yam mosaic virus;2017-02-11;Nigeria;Dioscorea cayenensis subsp. rotundata;R-Feb-17-pT1-1
R-Feb-17-pT1-1;MZ670854.1;Yam mosaic virus;2017-02-11;Nigeria;Dioscorea cayenensis subsp. rotundata;R-Feb-17-pT1-1
R-Feb-17-pT3-1;MZ670855.1;Yam mosaic virus;2017-02-11;Nigeria;Dioscorea cayenensis subsp. rotundata;R-Feb-17-pT3-1
R-Feb-17-pT3-1;MZ670855.1;Yam mosaic virus;2017-02-11;Nigeria;Dioscorea cayenensis subsp. rotundata;R-Feb-17-pT3-1
R-Feb-17-pT3-1;MZ670855.1;Yam mosaic virus;2017-02-11;Nigeria;Dioscorea cayenensis subsp. rotundata;R-Feb-17-pT3-1
R-Feb-17-pT1-2;MZ670856.1;Yam mosaic virus;2017-02-11;Nigeria;Dioscorea cayenensis subsp. rotundata;R-Feb-17-pT1-2
R-Feb-17-pT1-2;MZ670856.1;Yam mosaic virus;2017-02-11;Nigeria;Dioscorea cayenensis subsp. rotundata;R-Feb-17-pT1-2
R-Feb-17-pT1-2;MZ670856.1;Yam mosaic virus;2017-02-11;Nigeria;Dioscorea cayenensis subsp. rotundata;R-Feb-17-pT1-2
R-Feb-17-pT3-2;MZ670857.1;Yam mosaic virus;2017-02-11;Nigeria;Dioscorea cayenensis subsp. rotundata;R-Feb-17-pT3-2
R-Feb-17-pT3-2;MZ670857.1;Yam mosaic virus;2017-02-11;Nigeria;Dioscorea cayenensis subsp. rotundata;R-Feb-17-pT3-2
R-Feb-17-pT3-2;MZ670857.1;Yam mosaic virus;2017-02-11;Nigeria;Dioscorea cayenensis subsp. rotundata;R-Feb-17-pT3-2
R-Feb-17-m1-1;MZ670858.1;Yam mosaic virus;2017-02-11;Nigeria;Dioscorea cayenensis subsp. rotundata;R-Feb-17-m1-1
R-Feb-17-m1-1;MZ670858.1;Yam mosaic virus;2017-02-11;Nigeria;Dioscorea cayenensis subsp. rotundata;R-Feb-17-m1-1
R-Feb-17-m1-1;MZ670858.1;Yam mosaic virus;2017-02-11;Nigeria;Dioscorea cayenensis subsp. rotundata;R-Feb-17-m1-1
R-Feb-17-m1-2;MZ670859.1;Yam mosaic virus;2017-02-11;Nigeria;Dioscorea cayenensis subsp. rotundata;R-Feb-17-m1-2
R-Feb-17-m1-2;MZ670859.1;Yam mosaic virus;2017-02-11;Nigeria;Dioscorea cayenensis subsp. rotundata;R-Feb-17-m1-2
R-Feb-17-m1-2;MZ670859.1;Yam mosaic virus;2017-02-11;Nigeria;Dioscorea cayenensis subsp. rotundata;R-Feb-17-m1-2
R-Feb-17-m1-3;MZ670860.1;Yam mosaic virus;2017-02-11;Nigeria;Dioscorea cayenensis subsp. rotundata;R-Feb-17-m1-3
R-Feb-17-m1-3;MZ670860.1;Yam mosaic virus;2017-02-11;Nigeria;Dioscorea cayenensis subsp. rotundata;R-Feb-17-m1-3
R-Feb-17-m1-3;MZ670860.1;Yam mosaic virus;2017-02-11;Nigeria;Dioscorea cayenensis subsp. rotundata;R-Feb-17-m1-3
R-Feb-17-m1-4;MZ670861.1;Yam mosaic virus;2017-02-11;Nigeria;Dioscorea cayenensis subsp. rotundata;R-Feb-17-m1-4
R-Feb-17-m1-4;MZ670861.1;Yam mosaic virus;2017-02-11;Nigeria;Dioscorea cayenensis subsp. rotundata;R-Feb-17-m1-4
R-Feb-17-m1-4;MZ670861.1;Yam mosaic virus;2017-02-11;Nigeria;Dioscorea cayenensis subsp. rotundata;R-Feb-17-m1-4
R-Mar-17-pT2-1;MZ670862.1;Yam mosaic virus;2017-03-21;Nigeria;Dioscorea cayenensis subsp. rotundata;R-Mar-17-pT2-1
R-Mar-17-pT2-1;MZ670862.1;Yam mosaic virus;2017-03-21;Nigeria;Dioscorea cayenensis subsp. rotundata;R-Mar-17-pT2-1
R-Mar-17-pT2-1;MZ670862.1;Yam mosaic virus;2017-03-21;Nigeria;Dioscorea cayenensis subsp. rotundata;R-Mar-17-pT2-1
R-Mar-17-pT2-2;MZ670863.1;Yam mosaic virus;2017-03-21;Nigeria;Dioscorea cayenensis subsp. rotundata;R-Mar-17-pT2-2
R-Mar-17-pT2-2;MZ670863.1;Yam mosaic virus;2017-03-21;Nigeria;Dioscorea cayenensis subsp. rotundata;R-Mar-17-pT2-2
R-Mar-17-pT2-2;MZ670863.1;Yam mosaic virus;2017-03-21;Nigeria;Dioscorea cayenensis subsp. rotundata;R-Mar-17-pT2-2
R-Mar-17-pT2-3;MZ670864.1;Yam mosaic virus;2017-03-21;Nigeria;Dioscorea cayenensis subsp. rotundata;R-Mar-17-pT2-3
R-Mar-17-pT2-3;MZ670864.1;Yam mosaic virus;2017-03-21;Nigeria;Dioscorea cayenensis subsp. rotundata;R-Mar-17-pT2-3
R-Mar-17-pT2-3;MZ670864.1;Yam mosaic virus;2017-03-21;Nigeria;Dioscorea cayenensis subsp. rotundata;R-Mar-17-pT2-3
R-Mar-17-pT3-1;MZ670865.1;Yam mosaic virus;2017-03-21;Nigeria;Dioscorea cayenensis subsp. rotundata;R-Mar-17-pT3-1
R-Mar-17-pT3-1;MZ670865.1;Yam mosaic virus;2017-03-21;Nigeria;Dioscorea cayenensis subsp. rotundata;R-Mar-17-pT3-1
R-Mar-17-pT3-1;MZ670865.1;Yam mosaic virus;2017-03-21;Nigeria;Dioscorea cayenensis subsp. rotundata;R-Mar-17-pT3-1
R-Mar-17-pT3-2;MZ670866.1;Yam mosaic virus;2017-03-21;Nigeria;Dioscorea cayenensis subsp. rotundata;R-Mar-17-pT3-2
R-Mar-17-pT3-2;MZ670866.1;Yam mosaic virus;2017-03-21;Nigeria;Dioscorea cayenensis subsp. rotundata;R-Mar-17-pT3-2
R-Mar-17-pT3-2;MZ670866.1;Yam mosaic virus;2017-03-21;Nigeria;Dioscorea cayenensis subsp. rotundata;R-Mar-17-pT3-2
R-Mar-17-pT2-4;MZ670867.1;Yam mosaic virus;2017-03-21;Nigeria;Dioscorea cayenensis subsp. rotundata;R-Mar-17-pT2-4
R-Mar-17-pT2-4;MZ670867.1;Yam mosaic virus;2017-03-21;Nigeria;Dioscorea cayenensis subsp. rotundata;R-Mar-17-pT2-4
R-Mar-17-pT2-4;MZ670867.1;Yam mosaic virus;2017-03-21;Nigeria;Dioscorea cayenensis subsp. rotundata;R-Mar-17-pT2-4
R-Apr-17-m2-1;MZ670868.1;Yam mosaic virus;2017-04-08;Nigeria;Dioscorea cayenensis subsp. rotundata;R-Apr-17-m2-1
R-Apr-17-m2-1;MZ670868.1;Yam mosaic virus;2017-04-08;Nigeria;Dioscorea cayenensis subsp. rotundata;R-Apr-17-m2-1
R-Apr-17-m2-1;MZ670868.1;Yam mosaic virus;2017-04-08;Nigeria;Dioscorea cayenensis subsp. rotundata;R-Apr-17-m2-1
R-Apr-17-m2-2;MZ670869.1;Yam mosaic virus;2017-04-08;Nigeria;Dioscorea cayenensis subsp. rotundata;R-Apr-17-m2-2
R-Apr-17-m2-2;MZ670869.1;Yam mosaic virus;2017-04-08;Nigeria;Dioscorea cayenensis subsp. rotundata;R-Apr-17-m2-2
R-Apr-17-m2-2;MZ670869.1;Yam mosaic virus;2017-04-08;Nigeria;Dioscorea cayenensis subsp. rotundata;R-Apr-17-m2-2
R-Feb-17-pT4-1;MZ670870.1;Yam mosaic virus;2017-02-06;Nigeria;Dioscorea cayenensis subsp. rotundata;R-Feb-17-pT4-1
R-Feb-17-pT4-1;MZ670870.1;Yam mosaic virus;2017-02-06;Nigeria;Dioscorea cayenensis subsp. rotundata;R-Feb-17-pT4-1
R-Feb-17-pT4-1;MZ670870.1;Yam mosaic virus;2017-02-06;Nigeria;Dioscorea cayenensis subsp. rotundata;R-Feb-17-pT4-1
R-Mar-17-m2-3;MZ670871.1;Yam mosaic virus;2017-03-21;Nigeria;Dioscorea cayenensis subsp. rotundata;R-Mar-17-m2-3
R-Mar-17-m2-3;MZ670871.1;Yam mosaic virus;2017-03-21;Nigeria;Dioscorea cayenensis subsp. rotundata;R-Mar-17-m2-3
R-Mar-17-m2-3;MZ670871.1;Yam mosaic virus;2017-03-21;Nigeria;Dioscorea cayenensis subsp. rotundata;R-Mar-17-m2-3
R-Apr-17-m2-3;MZ670872.1;Yam mosaic virus;2017-04-17;Nigeria;Dioscorea cayenensis subsp. rotundata;R-Apr-17-m2-3
R-Apr-17-m2-3;MZ670872.1;Yam mosaic virus;2017-04-17;Nigeria;Dioscorea cayenensis subsp. rotundata;R-Apr-17-m2-3
R-Apr-17-m2-3;MZ670872.1;Yam mosaic virus;2017-04-17;Nigeria;Dioscorea cayenensis subsp. rotundata;R-Apr-17-m2-3
R-Mar-17-m2-4;MZ670873.1;Yam mosaic virus;2017-03-17;Nigeria;Dioscorea cayenensis subsp. rotundata;R-Mar-17-m2-4
R-Mar-17-m2-4;MZ670873.1;Yam mosaic virus;2017-03-17;Nigeria;Dioscorea cayenensis subsp. rotundata;R-Mar-17-m2-4
R-Mar-17-m2-4;MZ670873.1;Yam mosaic virus;2017-03-17;Nigeria;Dioscorea cayenensis subsp. rotundata;R-Mar-17-m2-4
R-Apr-17-pT2-3;MZ670874.1;Yam mosaic virus;2017-04-17;Nigeria;Dioscorea cayenensis subsp. rotundata;R-Apr-17-pT2-3
R-Apr-17-pT2-3;MZ670874.1;Yam mosaic virus;2017-04-17;Nigeria;Dioscorea cayenensis subsp. rotundata;R-Apr-17-pT2-3
R-Apr-17-pT2-3;MZ670874.1;Yam mosaic virus;2017-04-17;Nigeria;Dioscorea cayenensis subsp. rotundata;R-Apr-17-pT2-3
R-Sep-18-5-pT1;MZ670875.1;Yam mosaic virus;2018-09-15;Nigeria;Dioscorea cayenensis subsp. rotundata;R-Sep-18-5-pT1
R-Sep-18-5-pT1;MZ670875.1;Yam mosaic virus;2018-09-15;Nigeria;Dioscorea cayenensis subsp. rotundata;R-Sep-18-5-pT1
R-Sep-18-5-pT1;MZ670875.1;Yam mosaic virus;2018-09-15;Nigeria;Dioscorea cayenensis subsp. rotundata;R-Sep-18-5-pT1
R-Sep-18-5-pT10;MZ670876.1;Yam mosaic virus;2018-09-15;Nigeria;Dioscorea cayenensis subsp. rotundata;R-Sep-18-5-pT10
R-Sep-18-5-pT10;MZ670876.1;Yam mosaic virus;2018-09-15;Nigeria;Dioscorea cayenensis subsp. rotundata;R-Sep-18-5-pT10
R-Sep-18-5-pT10;MZ670876.1;Yam mosaic virus;2018-09-15;Nigeria;Dioscorea cayenensis subsp. rotundata;R-Sep-18-5-pT10
R-Sep-18-5-pT13;MZ670877.1;Yam mosaic virus;2018-09-15;Nigeria;Dioscorea cayenensis subsp. rotundata;R-Sep-18-5-pT13
R-Sep-18-5-pT13;MZ670877.1;Yam mosaic virus;2018-09-15;Nigeria;Dioscorea cayenensis subsp. rotundata;R-Sep-18-5-pT13
R-Sep-18-5-pT13;MZ670877.1;Yam mosaic virus;2018-09-15;Nigeria;Dioscorea cayenensis subsp. rotundata;R-Sep-18-5-pT13
R-Aug-18-5-pT1;MZ670878.1;Yam mosaic virus;2018-08-01;Nigeria;Dioscorea cayenensis subsp. rotundata;R-Aug-18-5-pT1
R-Aug-18-5-pT1;MZ670878.1;Yam mosaic virus;2018-08-01;Nigeria;Dioscorea cayenensis subsp. rotundata;R-Aug-18-5-pT1
R-Aug-18-5-pT1;MZ670878.1;Yam mosaic virus;2018-08-01;Nigeria;Dioscorea cayenensis subsp. rotundata;R-Aug-18-5-pT1
R-Aug-18-5-pT7;MZ670879.1;Yam mosaic virus;2018-08-01;Nigeria;Dioscorea cayenensis subsp. rotundata;R-Aug-18-5-pT7
R-Aug-18-5-pT7;MZ670879.1;Yam mosaic virus;2018-08-01;Nigeria;Dioscorea cayenensis subsp. rotundata;R-Aug-18-5-pT7
R-Aug-18-5-pT7;MZ670879.1;Yam mosaic virus;2018-08-01;Nigeria;Dioscorea cayenensis subsp. rotundata;R-Aug-18-5-pT7
R-Jul-18-5-pT1;MZ670880.1;Yam mosaic virus;2018-07-01;Nigeria;Dioscorea cayenensis subsp. rotundata;R-Jul-18-5-pT1
R-Jul-18-5-pT1;MZ670880.1;Yam mosaic virus;2018-07-01;Nigeria;Dioscorea cayenensis subsp. rotundata;R-Jul-18-5-pT1
R-Jul-18-5-pT1;MZ670880.1;Yam mosaic virus;2018-07-01;Nigeria;Dioscorea cayenensis subsp. rotundata;R-Jul-18-5-pT1
R-Jul-18-5-pT9;MZ670881.1;Yam mosaic virus;2018-07-01;Nigeria;Dioscorea cayenensis subsp. rotundata;R-Jul-18-5-pT9
R-Jul-18-5-pT9;MZ670881.1;Yam mosaic virus;2018-07-01;Nigeria;Dioscorea cayenensis subsp. rotundata;R-Jul-18-5-pT9
R-Jul-18-5-pT9;MZ670881.1;Yam mosaic virus;2018-07-01;Nigeria;Dioscorea cayenensis subsp. rotundata;R-Jul-18-5-pT9
R-Oct-18-5-pT3;MZ670882.1;Yam mosaic virus;2018-10-23;Nigeria;Dioscorea cayenensis subsp. rotundata;R-Oct-18-5-pT3
R-Oct-18-5-pT3;MZ670882.1;Yam mosaic virus;2018-10-23;Nigeria;Dioscorea cayenensis subsp. rotundata;R-Oct-18-5-pT3
R-Oct-18-5-pT3;MZ670882.1;Yam mosaic virus;2018-10-23;Nigeria;Dioscorea cayenensis subsp. rotundata;R-Oct-18-5-pT3
R-Oct-18-5-pT6;MZ670883.1;Yam mosaic virus;2018-10-23;Nigeria;Dioscorea cayenensis subsp. rotundata;R-Oct-18-5-pT6
R-Oct-18-5-pT6;MZ670883.1;Yam mosaic virus;2018-10-23;Nigeria;Dioscorea cayenensis subsp. rotundata;R-Oct-18-5-pT6
R-Oct-18-5-pT6;MZ670883.1;Yam mosaic virus;2018-10-23;Nigeria;Dioscorea cayenensis subsp. rotundata;R-Oct-18-5-pT6
R-Aug-18-5-pT11;MZ670884.1;Yam mosaic virus;2018-08-01;Nigeria;Dioscorea cayenensis subsp. rotundata;R-Aug-18-5-pT11
R-Aug-18-5-pT11;MZ670884.1;Yam mosaic virus;2018-08-01;Nigeria;Dioscorea cayenensis subsp. rotundata;R-Aug-18-5-pT11
R-Aug-18-5-pT11;MZ670884.1;Yam mosaic virus;2018-08-01;Nigeria;Dioscorea cayenensis subsp. rotundata;R-Aug-18-5-pT11
R-Oct-18-5-pT9;MZ670885.1;Yam mosaic virus;2018-08-01;Nigeria;Dioscorea cayenensis subsp. rotundata;R-Oct-18-5-pT9
R-Oct-18-5-pT9;MZ670885.1;Yam mosaic virus;2018-08-01;Nigeria;Dioscorea cayenensis subsp. rotundata;R-Oct-18-5-pT9
R-Oct-18-5-pT9;MZ670885.1;Yam mosaic virus;2018-08-01;Nigeria;Dioscorea cayenensis subsp. rotundata;R-Oct-18-5-pT9
R-Sep-18-5-pT7;MZ670886.1;Yam mosaic virus;2018-09-15;Nigeria;Dioscorea cayenensis subsp. rotundata;R-Sep-18-5-pT7
R-Sep-18-5-pT7;MZ670886.1;Yam mosaic virus;2018-09-15;Nigeria;Dioscorea cayenensis subsp. rotundata;R-Sep-18-5-pT7
R-Sep-18-5-pT7;MZ670886.1;Yam mosaic virus;2018-09-15;Nigeria;Dioscorea cayenensis subsp. rotundata;R-Sep-18-5-pT7
R-Sep-18-5-pT3;MZ670887.1;Yam mosaic virus;2018-09-15;Nigeria;Dioscorea cayenensis subsp. rotundata;R-Sep-18-5-pT3
R-Sep-18-5-pT3;MZ670887.1;Yam mosaic virus;2018-09-15;Nigeria;Dioscorea cayenensis subsp. rotundata;R-Sep-18-5-pT3
R-Sep-18-5-pT3;MZ670887.1;Yam mosaic virus;2018-09-15;Nigeria;Dioscorea cayenensis subsp. rotundata;R-Sep-18-5-pT3
R-Oct-18-5-pT7;MZ670888.1;Yam mosaic virus;2018-10-23;Nigeria;Dioscorea cayenensis subsp. rotundata;R-Oct-18-5-pT7
R-Oct-18-5-pT7;MZ670888.1;Yam mosaic virus;2018-10-23;Nigeria;Dioscorea cayenensis subsp. rotundata;R-Oct-18-5-pT7
R-Oct-18-5-pT7;MZ670888.1;Yam mosaic virus;2018-10-23;Nigeria;Dioscorea cayenensis subsp. rotundata;R-Oct-18-5-pT7
R-Aug-18-5-pT4;MZ670889.1;Yam mosaic virus;2018-08-01;Nigeria;Dioscorea cayenensis subsp. rotundata;R-Aug-18-5-pT4
R-Aug-18-5-pT4;MZ670889.1;Yam mosaic virus;2018-08-01;Nigeria;Dioscorea cayenensis subsp. rotundata;R-Aug-18-5-pT4
R-Aug-18-5-pT4;MZ670889.1;Yam mosaic virus;2018-08-01;Nigeria;Dioscorea cayenensis subsp. rotundata;R-Aug-18-5-pT4
R-Jul-18-5-pT12;MZ670890.1;Yam mosaic virus;2018-07-01;Nigeria;Dioscorea cayenensis subsp. rotundata;R-Jul-18-5-pT12
R-Jul-18-5-pT12;MZ670890.1;Yam mosaic virus;2018-07-01;Nigeria;Dioscorea cayenensis subsp. rotundata;R-Jul-18-5-pT12
R-Jul-18-5-pT12;MZ670890.1;Yam mosaic virus;2018-07-01;Nigeria;Dioscorea cayenensis subsp. rotundata;R-Jul-18-5-pT12
R-Aug-18-5-pT12;MZ670891.1;Yam mosaic virus;2018-08-09;Nigeria;Dioscorea cayenensis subsp. rotundata;R-Aug-18-5-pT12
R-Aug-18-5-pT12;MZ670891.1;Yam mosaic virus;2018-08-09;Nigeria;Dioscorea cayenensis subsp. rotundata;R-Aug-18-5-pT12
R-Aug-18-5-pT12;MZ670891.1;Yam mosaic virus;2018-08-09;Nigeria;Dioscorea cayenensis subsp. rotundata;R-Aug-18-5-pT12
R-Jul-18-5-pT11;MZ670892.1;Yam mosaic virus;2018-07-01;Nigeria;Dioscorea cayenensis subsp. rotundata;R-Jul-18-5-pT11
R-Jul-18-5-pT11;MZ670892.1;Yam mosaic virus;2018-07-01;Nigeria;Dioscorea cayenensis subsp. rotundata;R-Jul-18-5-pT11
R-Jul-18-5-pT11;MZ670892.1;Yam mosaic virus;2018-07-01;Nigeria;Dioscorea cayenensis subsp. rotundata;R-Jul-18-5-pT11
R-Aug-18-5-pT10;MZ670893.1;Yam mosaic virus;2018-08-09;Nigeria;Dioscorea cayenensis subsp. rotundata;R-Aug-18-5-pT10
R-Aug-18-5-pT10;MZ670893.1;Yam mosaic virus;2018-08-09;Nigeria;Dioscorea cayenensis subsp. rotundata;R-Aug-18-5-pT10
R-Aug-18-5-pT10;MZ670893.1;Yam mosaic virus;2018-08-09;Nigeria;Dioscorea cayenensis subsp. rotundata;R-Aug-18-5-pT10
R-Jul-18-5-pT8;MZ670894.1;Yam mosaic virus;2018-07-01;Nigeria;Dioscorea cayenensis subsp. rotundata;R-Jul-18-5-pT8
R-Jul-18-5-pT8;MZ670894.1;Yam mosaic virus;2018-07-01;Nigeria;Dioscorea cayenensis subsp. rotundata;R-Jul-18-5-pT8
R-Jul-18-5-pT8;MZ670894.1;Yam mosaic virus;2018-07-01;Nigeria;Dioscorea cayenensis subsp. rotundata;R-Jul-18-5-pT8
R-Jul-18-5-pT2;MZ670895.1;Yam mosaic virus;2018-07-01;Nigeria;Dioscorea cayenensis subsp. rotundata;R-Jul-18-5-pT2
R-Jul-18-5-pT2;MZ670895.1;Yam mosaic virus;2018-07-01;Nigeria;Dioscorea cayenensis subsp. rotundata;R-Jul-18-5-pT2
R-Jul-18-5-pT2;MZ670895.1;Yam mosaic virus;2018-07-01;Nigeria;Dioscorea cayenensis subsp. rotundata;R-Jul-18-5-pT2
R-Sep-18-5-pT5;MZ670896.1;Yam mosaic virus;2018-09-15;Nigeria;Dioscorea cayenensis subsp. rotundata;R-Sep-18-5-pT5
R-Sep-18-5-pT5;MZ670896.1;Yam mosaic virus;2018-09-15;Nigeria;Dioscorea cayenensis subsp. rotundata;R-Sep-18-5-pT5
R-Sep-18-5-pT5;MZ670896.1;Yam mosaic virus;2018-09-15;Nigeria;Dioscorea cayenensis subsp. rotundata;R-Sep-18-5-pT5
R-Jul-18-5-pT7;MZ670897.1;Yam mosaic virus;2018-07-01;Nigeria;Dioscorea cayenensis subsp. rotundata;R-Jul-18-5-pT7
R-Jul-18-5-pT7;MZ670897.1;Yam mosaic virus;2018-07-01;Nigeria;Dioscorea cayenensis subsp. rotundata;R-Jul-18-5-pT7
R-Jul-18-5-pT7;MZ670897.1;Yam mosaic virus;2018-07-01;Nigeria;Dioscorea cayenensis subsp. rotundata;R-Jul-18-5-pT7
R-Aug-18-5-pT2;MZ670898.1;Yam mosaic virus;2018-08-09;Nigeria;Dioscorea cayenensis subsp. rotundata;R-Aug-18-5-pT2
R-Aug-18-5-pT2;MZ670898.1;Yam mosaic virus;2018-08-09;Nigeria;Dioscorea cayenensis subsp. rotundata;R-Aug-18-5-pT2
R-Aug-18-5-pT2;MZ670898.1;Yam mosaic virus;2018-08-09;Nigeria;Dioscorea cayenensis subsp. rotundata;R-Aug-18-5-pT2
R-Sep-18-5-pT4;MZ670899.1;Yam mosaic virus;2018-09-15;Nigeria;Dioscorea cayenensis subsp. rotundata;R-Sep-18-5-pT4
R-Sep-18-5-pT4;MZ670899.1;Yam mosaic virus;2018-09-15;Nigeria;Dioscorea cayenensis subsp. rotundata;R-Sep-18-5-pT4
R-Sep-18-5-pT4;MZ670899.1;Yam mosaic virus;2018-09-15;Nigeria;Dioscorea cayenensis subsp. rotundata;R-Sep-18-5-pT4
R-Oct-18-5-pT1;MZ670900.1;Yam mosaic virus;2018-10-23;Nigeria;Dioscorea cayenensis subsp. rotundata;R-Oct-18-5-pT1
R-Oct-18-5-pT1;MZ670900.1;Yam mosaic virus;2018-10-23;Nigeria;Dioscorea cayenensis subsp. rotundata;R-Oct-18-5-pT1
R-Oct-18-5-pT1;MZ670900.1;Yam mosaic virus;2018-10-23;Nigeria;Dioscorea cayenensis subsp. rotundata;R-Oct-18-5-pT1
R-Jul-18-5-pT6;MZ670901.1;Yam mosaic virus;2018-07-01;Nigeria;Dioscorea cayenensis subsp. rotundata;R-Jul-18-5-pT6
R-Jul-18-5-pT6;MZ670901.1;Yam mosaic virus;2018-07-01;Nigeria;Dioscorea cayenensis subsp. rotundata;R-Jul-18-5-pT6
R-Jul-18-5-pT6;MZ670901.1;Yam mosaic virus;2018-07-01;Nigeria;Dioscorea cayenensis subsp. rotundata;R-Jul-18-5-pT6
R-Oct-18-5-pT5;MZ670902.1;Yam mosaic virus;2018-10-23;Nigeria;Dioscorea cayenensis subsp. rotundata;R-Oct-18-5-pT5
R-Oct-18-5-pT5;MZ670902.1;Yam mosaic virus;2018-10-23;Nigeria;Dioscorea cayenensis subsp. rotundata;R-Oct-18-5-pT5
R-Oct-18-5-pT5;MZ670902.1;Yam mosaic virus;2018-10-23;Nigeria;Dioscorea cayenensis subsp. rotundata;R-Oct-18-5-pT5
R-Sep-18-5-pT2;MZ670903.1;Yam mosaic virus;2018-09-15;Nigeria;Dioscorea cayenensis subsp. rotundata;R-Sep-18-5-pT2
R-Sep-18-5-pT2;MZ670903.1;Yam mosaic virus;2018-09-15;Nigeria;Dioscorea cayenensis subsp. rotundata;R-Sep-18-5-pT2
R-Sep-18-5-pT2;MZ670903.1;Yam mosaic virus;2018-09-15;Nigeria;Dioscorea cayenensis subsp. rotundata;R-Sep-18-5-pT2
R-Sep-18-5-pT6;MZ670904.1;Yam mosaic virus;2018-09-15;Nigeria;Dioscorea cayenensis subsp. rotundata;R-Sep-18-5-pT6
R-Sep-18-5-pT6;MZ670904.1;Yam mosaic virus;2018-09-15;Nigeria;Dioscorea cayenensis subsp. rotundata;R-Sep-18-5-pT6
R-Sep-18-5-pT6;MZ670904.1;Yam mosaic virus;2018-09-15;Nigeria;Dioscorea cayenensis subsp. rotundata;R-Sep-18-5-pT6
R-Sep-18-5-pT8;MZ670905.1;Yam mosaic virus;2018-09-15;Nigeria;Dioscorea cayenensis subsp. rotundata;R-Sep-18-5-pT8
R-Sep-18-5-pT8;MZ670905.1;Yam mosaic virus;2018-09-15;Nigeria;Dioscorea cayenensis subsp. rotundata;R-Sep-18-5-pT8
R-Sep-18-5-pT8;MZ670905.1;Yam mosaic virus;2018-09-15;Nigeria;Dioscorea cayenensis subsp. rotundata;R-Sep-18-5-pT8
R-Aug-18-5-pT8;MZ670906.1;Yam mosaic virus;2018-08-09;Nigeria;Dioscorea cayenensis subsp. rotundata;R-Aug-18-5-pT8
R-Aug-18-5-pT8;MZ670906.1;Yam mosaic virus;2018-08-09;Nigeria;Dioscorea cayenensis subsp. rotundata;R-Aug-18-5-pT8
R-Aug-18-5-pT8;MZ670906.1;Yam mosaic virus;2018-08-09;Nigeria;Dioscorea cayenensis subsp. rotundata;R-Aug-18-5-pT8
R-Oct-18-5-pT8;MZ670907.1;Yam mosaic virus;2018-10-23;Nigeria;Dioscorea cayenensis subsp. rotundata;R-Oct-18-5-pT8
R-Oct-18-5-pT8;MZ670907.1;Yam mosaic virus;2018-10-23;Nigeria;Dioscorea cayenensis subsp. rotundata;R-Oct-18-5-pT8
R-Oct-18-5-pT8;MZ670907.1;Yam mosaic virus;2018-10-23;Nigeria;Dioscorea cayenensis subsp. rotundata;R-Oct-18-5-pT8
R-Jul-18-5-pT3;MZ670908.1;Yam mosaic virus;2018-07-01;Nigeria;Dioscorea cayenensis subsp. rotundata;R-Jul-18-5-pT3
R-Jul-18-5-pT3;MZ670908.1;Yam mosaic virus;2018-07-01;Nigeria;Dioscorea cayenensis subsp. rotundata;R-Jul-18-5-pT3
R-Jul-18-5-pT3;MZ670908.1;Yam mosaic virus;2018-07-01;Nigeria;Dioscorea cayenensis subsp. rotundata;R-Jul-18-5-pT3
R-Aug-18-5-pT3;MZ670909.1;Yam mosaic virus;2018-08-09;Nigeria;Dioscorea cayenensis subsp. rotundata;R-Aug-18-5-pT3
R-Aug-18-5-pT3;MZ670909.1;Yam mosaic virus;2018-08-09;Nigeria;Dioscorea cayenensis subsp. rotundata;R-Aug-18-5-pT3
R-Aug-18-5-pT3;MZ670909.1;Yam mosaic virus;2018-08-09;Nigeria;Dioscorea cayenensis subsp. rotundata;R-Aug-18-5-pT3
R-Jul-18-5-pT5;MZ670910.1;Yam mosaic virus;2018-07-01;Nigeria;Dioscorea cayenensis subsp. rotundata;R-Jul-18-5-pT5
R-Jul-18-5-pT5;MZ670910.1;Yam mosaic virus;2018-07-01;Nigeria;Dioscorea cayenensis subsp. rotundata;R-Jul-18-5-pT5
R-Jul-18-5-pT5;MZ670910.1;Yam mosaic virus;2018-07-01;Nigeria;Dioscorea cayenensis subsp. rotundata;R-Jul-18-5-pT5
R-Jul-18-5-pT10;MZ670911.1;Yam mosaic virus;2018-07-01;Nigeria;Dioscorea cayenensis subsp. rotundata;R-Jul-18-5-pT10
R-Jul-18-5-pT10;MZ670911.1;Yam mosaic virus;2018-07-01;Nigeria;Dioscorea cayenensis subsp. rotundata;R-Jul-18-5-pT10
R-Jul-18-5-pT10;MZ670911.1;Yam mosaic virus;2018-07-01;Nigeria;Dioscorea cayenensis subsp. rotundata;R-Jul-18-5-pT10
R-Sep-18-5-pT11;MZ670912.1;Yam mosaic virus;2018-09-15;Nigeria;Dioscorea cayenensis subsp. rotundata;R-Sep-18-5-pT11
R-Sep-18-5-pT11;MZ670912.1;Yam mosaic virus;2018-09-15;Nigeria;Dioscorea cayenensis subsp. rotundata;R-Sep-18-5-pT11
R-Sep-18-5-pT11;MZ670912.1;Yam mosaic virus;2018-09-15;Nigeria;Dioscorea cayenensis subsp. rotundata;R-Sep-18-5-pT11
R-Sep-18-5-pT12;MZ670913.1;Yam mosaic virus;2018-09-15;Nigeria;Dioscorea cayenensis subsp. rotundata;R-Sep-18-5-pT12
R-Sep-18-5-pT12;MZ670913.1;Yam mosaic virus;2018-09-15;Nigeria;Dioscorea cayenensis subsp. rotundata;R-Sep-18-5-pT12
R-Sep-18-5-pT12;MZ670913.1;Yam mosaic virus;2018-09-15;Nigeria;Dioscorea cayenensis subsp. rotundata;R-Sep-18-5-pT12
R-Oct-18-5-pT11;MZ670914.1;Yam mosaic virus;2018-10-23;Nigeria;Dioscorea cayenensis subsp. rotundata;R-Oct-18-5-pT11
R-Oct-18-5-pT11;MZ670914.1;Yam mosaic virus;2018-10-23;Nigeria;Dioscorea cayenensis subsp. rotundata;R-Oct-18-5-pT11
R-Oct-18-5-pT11;MZ670914.1;Yam mosaic virus;2018-10-23;Nigeria;Dioscorea cayenensis subsp. rotundata;R-Oct-18-5-pT11
R-Aug-18-5-pT9;MZ670915.1;Yam mosaic virus;2018-09-09;Nigeria;Dioscorea cayenensis subsp. rotundata;R-Aug-18-5-pT9
R-Aug-18-5-pT9;MZ670915.1;Yam mosaic virus;2018-09-09;Nigeria;Dioscorea cayenensis subsp. rotundata;R-Aug-18-5-pT9
R-Aug-18-5-pT9;MZ670915.1;Yam mosaic virus;2018-09-09;Nigeria;Dioscorea cayenensis subsp. rotundata;R-Aug-18-5-pT9
R-Oct-18-5-pT2;MZ670916.1;Yam mosaic virus;2018-10-12;Nigeria;Dioscorea cayenensis subsp. rotundata;R-Oct-18-5-pT2
R-Oct-18-5-pT2;MZ670916.1;Yam mosaic virus;2018-10-12;Nigeria;Dioscorea cayenensis subsp. rotundata;R-Oct-18-5-pT2
R-Oct-18-5-pT2;MZ670916.1;Yam mosaic virus;2018-10-12;Nigeria;Dioscorea cayenensis subsp. rotundata;R-Oct-18-5-pT2
R-Jul-18-5-pT4;MZ670917.1;Yam mosaic virus;2018-07-01;Nigeria;Dioscorea cayenensis subsp. rotundata;R-Jul-18-5-pT4
R-Jul-18-5-pT4;MZ670917.1;Yam mosaic virus;2018-07-01;Nigeria;Dioscorea cayenensis subsp. rotundata;R-Jul-18-5-pT4
R-Jul-18-5-pT4;MZ670917.1;Yam mosaic virus;2018-07-01;Nigeria;Dioscorea cayenensis subsp. rotundata;R-Jul-18-5-pT4
R-Oct-18-5-pT12;MZ670918.1;Yam mosaic virus;2018-10-23;Nigeria;Dioscorea cayenensis subsp. rotundata;R-Oct-18-5-pT12
R-Oct-18-5-pT12;MZ670918.1;Yam mosaic virus;2018-10-23;Nigeria;Dioscorea cayenensis subsp. rotundata;R-Oct-18-5-pT12
R-Oct-18-5-pT12;MZ670918.1;Yam mosaic virus;2018-10-23;Nigeria;Dioscorea cayenensis subsp. rotundata;R-Oct-18-5-pT12
R-Jul-18-5-pT13;MZ670919.1;Yam mosaic virus;2018-07-01;Nigeria;Dioscorea cayenensis subsp. rotundata;R-Jul-18-5-pT13
R-Jul-18-5-pT13;MZ670919.1;Yam mosaic virus;2018-07-01;Nigeria;Dioscorea cayenensis subsp. rotundata;R-Jul-18-5-pT13
R-Jul-18-5-pT13;MZ670919.1;Yam mosaic virus;2018-07-01;Nigeria;Dioscorea cayenensis subsp. rotundata;R-Jul-18-5-pT13
R-Oct-18-5-pT10;MZ670920.1;Yam mosaic virus;2018-10-23;Nigeria;Dioscorea cayenensis subsp. rotundata;R-Oct-18-5-pT10
R-Oct-18-5-pT10;MZ670920.1;Yam mosaic virus;2018-10-23;Nigeria;Dioscorea cayenensis subsp. rotundata;R-Oct-18-5-pT10
R-Oct-18-5-pT10;MZ670920.1;Yam mosaic virus;2018-10-23;Nigeria;Dioscorea cayenensis subsp. rotundata;R-Oct-18-5-pT10
R-Aug-18-5-pT6;MZ670921.1;Yam mosaic virus;2018-08-09;Nigeria;Dioscorea cayenensis subsp. rotundata;R-Aug-18-5-pT6
R-Aug-18-5-pT6;MZ670921.1;Yam mosaic virus;2018-08-09;Nigeria;Dioscorea cayenensis subsp. rotundata;R-Aug-18-5-pT6
R-Aug-18-5-pT6;MZ670921.1;Yam mosaic virus;2018-08-09;Nigeria;Dioscorea cayenensis subsp. rotundata;R-Aug-18-5-pT6
R-Oct-18-5-pT4;MZ670922.1;Yam mosaic virus;2018-10-23;Nigeria;Dioscorea cayenensis subsp. rotundata;R-Oct-18-5-pT4
R-Oct-18-5-pT4;MZ670922.1;Yam mosaic virus;2018-10-23;Nigeria;Dioscorea cayenensis subsp. rotundata;R-Oct-18-5-pT4
R-Oct-18-5-pT4;MZ670922.1;Yam mosaic virus;2018-10-23;Nigeria;Dioscorea cayenensis subsp. rotundata;R-Oct-18-5-pT4
R-Oct-18-5-pT13;MZ670923.1;Yam mosaic virus;2018-10-12;Nigeria;Dioscorea cayenensis subsp. rotundata;R-Oct-18-5-pT13
R-Oct-18-5-pT13;MZ670923.1;Yam mosaic virus;2018-10-12;Nigeria;Dioscorea cayenensis subsp. rotundata;R-Oct-18-5-pT13
R-Oct-18-5-pT13;MZ670923.1;Yam mosaic virus;2018-10-12;Nigeria;Dioscorea cayenensis subsp. rotundata;R-Oct-18-5-pT13
R-Aug-18-5-pT13;MZ670924.1;Yam mosaic virus;2018-08-09;Nigeria;Dioscorea cayenensis subsp. rotundata;R-Aug-18-5-pT13
R-Aug-18-5-pT13;MZ670924.1;Yam mosaic virus;2018-08-09;Nigeria;Dioscorea cayenensis subsp. rotundata;R-Aug-18-5-pT13
R-Aug-18-5-pT13;MZ670924.1;Yam mosaic virus;2018-08-09;Nigeria;Dioscorea cayenensis subsp. rotundata;R-Aug-18-5-pT13
R-Aug-18-5-pT5;MZ670925.1;Yam mosaic virus;2018-08-09;Nigeria;Dioscorea cayenensis subsp. rotundata;R-Aug-18-5-pT5
R-Aug-18-5-pT5;MZ670925.1;Yam mosaic virus;2018-08-09;Nigeria;Dioscorea cayenensis subsp. rotundata;R-Aug-18-5-pT5
R-Aug-18-5-pT5;MZ670925.1;Yam mosaic virus;2018-08-09;Nigeria;Dioscorea cayenensis subsp. rotundata;R-Aug-18-5-pT5
R-Aug-19-50-pT2;MZ670926.1;Yam mosaic virus;2019-08-01;Nigeria;Dioscorea cayenensis subsp. rotundata;R-Aug-19-50-pT2
R-Aug-19-50-pT2;MZ670926.1;Yam mosaic virus;2019-08-01;Nigeria;Dioscorea cayenensis subsp. rotundata;R-Aug-19-50-pT2
R-Aug-19-50-pT2;MZ670926.1;Yam mosaic virus;2019-08-01;Nigeria;Dioscorea cayenensis subsp. rotundata;R-Aug-19-50-pT2
R-Sep-19-50-pT3;MZ670927.1;Yam mosaic virus;2019-09-03;Nigeria;Dioscorea cayenensis subsp. rotundata;R-Sep-19-50-pT3
R-Sep-19-50-pT3;MZ670927.1;Yam mosaic virus;2019-09-03;Nigeria;Dioscorea cayenensis subsp. rotundata;R-Sep-19-50-pT3
R-Sep-19-50-pT3;MZ670927.1;Yam mosaic virus;2019-09-03;Nigeria;Dioscorea cayenensis subsp. rotundata;R-Sep-19-50-pT3
R-Oct-19-50-pT2;MZ670928.1;Yam mosaic virus;2019-10-16;Nigeria;Dioscorea cayenensis subsp. rotundata;R-Oct-19-50-pT2
R-Oct-19-50-pT2;MZ670928.1;Yam mosaic virus;2019-10-16;Nigeria;Dioscorea cayenensis subsp. rotundata;R-Oct-19-50-pT2
R-Oct-19-50-pT2;MZ670928.1;Yam mosaic virus;2019-10-16;Nigeria;Dioscorea cayenensis subsp. rotundata;R-Oct-19-50-pT2
R-Oct-19-50-pT42;MZ670929.1;Yam mosaic virus;2019-10-16;Nigeria;Dioscorea cayenensis subsp. rotundata;R-Oct-19-50-pT42
R-Oct-19-50-pT42;MZ670929.1;Yam mosaic virus;2019-10-16;Nigeria;Dioscorea cayenensis subsp. rotundata;R-Oct-19-50-pT42
R-Oct-19-50-pT42;MZ670929.1;Yam mosaic virus;2019-10-16;Nigeria;Dioscorea cayenensis subsp. rotundata;R-Oct-19-50-pT42
R-Oct-19-50-pT8;MZ670930.1;Yam mosaic virus;2019-10-16;Nigeria;Dioscorea cayenensis subsp. rotundata;R-Oct-19-50-pT8
R-Oct-19-50-pT8;MZ670930.1;Yam mosaic virus;2019-10-16;Nigeria;Dioscorea cayenensis subsp. rotundata;R-Oct-19-50-pT8
R-Oct-19-50-pT8;MZ670930.1;Yam mosaic virus;2019-10-16;Nigeria;Dioscorea cayenensis subsp. rotundata;R-Oct-19-50-pT8
R-Aug-19-50-pT1;MZ670931.1;Yam mosaic virus;2019-09-11;Nigeria;Dioscorea cayenensis subsp. rotundata;R-Aug-19-50-pT1
R-Aug-19-50-pT1;MZ670931.1;Yam mosaic virus;2019-09-11;Nigeria;Dioscorea cayenensis subsp. rotundata;R-Aug-19-50-pT1
R-Aug-19-50-pT1;MZ670931.1;Yam mosaic virus;2019-09-11;Nigeria;Dioscorea cayenensis subsp. rotundata;R-Aug-19-50-pT1
R-Oct-19-50-pT6;MZ670932.1;Yam mosaic virus;2019-10-16;Nigeria;Dioscorea cayenensis subsp. rotundata;R-Oct-19-50-pT6
R-Oct-19-50-pT6;MZ670932.1;Yam mosaic virus;2019-10-16;Nigeria;Dioscorea cayenensis subsp. rotundata;R-Oct-19-50-pT6
R-Oct-19-50-pT6;MZ670932.1;Yam mosaic virus;2019-10-16;Nigeria;Dioscorea cayenensis subsp. rotundata;R-Oct-19-50-pT6
R-Sep-19-50-pT7;MZ670933.1;Yam mosaic virus;2019-09-03;Nigeria;Dioscorea cayenensis subsp. rotundata;R-Sep-19-50-pT7
R-Sep-19-50-pT7;MZ670933.1;Yam mosaic virus;2019-09-03;Nigeria;Dioscorea cayenensis subsp. rotundata;R-Sep-19-50-pT7
R-Sep-19-50-pT7;MZ670933.1;Yam mosaic virus;2019-09-03;Nigeria;Dioscorea cayenensis subsp. rotundata;R-Sep-19-50-pT7
R-Aug-19-50-pT7;MZ670934.1;Yam mosaic virus;2019-08-11;Nigeria;Dioscorea cayenensis subsp. rotundata;R-Aug-19-50-pT7
R-Aug-19-50-pT7;MZ670934.1;Yam mosaic virus;2019-08-11;Nigeria;Dioscorea cayenensis subsp. rotundata;R-Aug-19-50-pT7
R-Aug-19-50-pT7;MZ670934.1;Yam mosaic virus;2019-08-11;Nigeria;Dioscorea cayenensis subsp. rotundata;R-Aug-19-50-pT7
R-Oct-19-50-pT4;MZ670935.1;Yam mosaic virus;2019-10-16;Nigeria;Dioscorea cayenensis subsp. rotundata;R-Oct-19-50-pT4
R-Oct-19-50-pT4;MZ670935.1;Yam mosaic virus;2019-10-16;Nigeria;Dioscorea cayenensis subsp. rotundata;R-Oct-19-50-pT4
R-Oct-19-50-pT4;MZ670935.1;Yam mosaic virus;2019-10-16;Nigeria;Dioscorea cayenensis subsp. rotundata;R-Oct-19-50-pT4
R-Sep-19-50-pT1;MZ670936.1;Yam mosaic virus;2019-09-03;Nigeria;Dioscorea cayenensis subsp. rotundata;R-Sep-19-50-pT1
R-Sep-19-50-pT1;MZ670936.1;Yam mosaic virus;2019-09-03;Nigeria;Dioscorea cayenensis subsp. rotundata;R-Sep-19-50-pT1
R-Sep-19-50-pT1;MZ670936.1;Yam mosaic virus;2019-09-03;Nigeria;Dioscorea cayenensis subsp. rotundata;R-Sep-19-50-pT1
R-Aug-19-50-pT21;MZ670937.1;Yam mosaic virus;2019-08-11;Nigeria;Dioscorea cayenensis subsp. rotundata;R-Aug-19-50-pT21
R-Aug-19-50-pT21;MZ670937.1;Yam mosaic virus;2019-08-11;Nigeria;Dioscorea cayenensis subsp. rotundata;R-Aug-19-50-pT21
R-Aug-19-50-pT21;MZ670937.1;Yam mosaic virus;2019-08-11;Nigeria;Dioscorea cayenensis subsp. rotundata;R-Aug-19-50-pT21
R-Sep-19-50-pT4;MZ670938.1;Yam mosaic virus;2019-09-03;Nigeria;Dioscorea cayenensis subsp. rotundata;R-Sep-19-50-pT4
R-Sep-19-50-pT4;MZ670938.1;Yam mosaic virus;2019-09-03;Nigeria;Dioscorea cayenensis subsp. rotundata;R-Sep-19-50-pT4
R-Sep-19-50-pT4;MZ670938.1;Yam mosaic virus;2019-09-03;Nigeria;Dioscorea cayenensis subsp. rotundata;R-Sep-19-50-pT4
R-Sep-19-50-pT2;MZ670939.1;Yam mosaic virus;2019-09-03;Nigeria;Dioscorea cayenensis subsp. rotundata;R-Sep-19-50-pT2
R-Sep-19-50-pT2;MZ670939.1;Yam mosaic virus;2019-09-03;Nigeria;Dioscorea cayenensis subsp. rotundata;R-Sep-19-50-pT2
R-Sep-19-50-pT2;MZ670939.1;Yam mosaic virus;2019-09-03;Nigeria;Dioscorea cayenensis subsp. rotundata;R-Sep-19-50-pT2
R-Oct-19-50-pT3;MZ670940.1;Yam mosaic virus;2019-10-16;Nigeria;Dioscorea cayenensis subsp. rotundata;R-Oct-19-50-pT3
R-Oct-19-50-pT3;MZ670940.1;Yam mosaic virus;2019-10-16;Nigeria;Dioscorea cayenensis subsp. rotundata;R-Oct-19-50-pT3
R-Oct-19-50-pT3;MZ670940.1;Yam mosaic virus;2019-10-16;Nigeria;Dioscorea cayenensis subsp. rotundata;R-Oct-19-50-pT3
R-Oct-19-50-PT5;MZ670941.1;Yam mosaic virus;2019-10-16;Nigeria;Dioscorea cayenensis subsp. rotundata;R-Oct-19-50-PT5
R-Oct-19-50-PT5;MZ670941.1;Yam mosaic virus;2019-10-16;Nigeria;Dioscorea cayenensis subsp. rotundata;R-Oct-19-50-PT5
R-Oct-19-50-PT5;MZ670941.1;Yam mosaic virus;2019-10-16;Nigeria;Dioscorea cayenensis subsp. rotundata;R-Oct-19-50-PT5
R-Sep-19-50-pT8;MZ670942.1;Yam mosaic virus;2019-09-03;Nigeria;Dioscorea cayenensis subsp. rotundata;R-Sep-19-50-pT8
R-Sep-19-50-pT8;MZ670942.1;Yam mosaic virus;2019-09-03;Nigeria;Dioscorea cayenensis subsp. rotundata;R-Sep-19-50-pT8
R-Sep-19-50-pT8;MZ670942.1;Yam mosaic virus;2019-09-03;Nigeria;Dioscorea cayenensis subsp. rotundata;R-Sep-19-50-pT8
R-Aug-19-50-pT6;MZ670943.1;Yam mosaic virus;2019-08-11;Nigeria;Dioscorea cayenensis subsp. rotundata;R-Aug-19-50-pT6
R-Aug-19-50-pT6;MZ670943.1;Yam mosaic virus;2019-08-11;Nigeria;Dioscorea cayenensis subsp. rotundata;R-Aug-19-50-pT6
R-Aug-19-50-pT6;MZ670943.1;Yam mosaic virus;2019-08-11;Nigeria;Dioscorea cayenensis subsp. rotundata;R-Aug-19-50-pT6
R-Sep-19-50-pT53;MZ670944.1;Yam mosaic virus;2019-09-03;Nigeria;Dioscorea cayenensis subsp. rotundata;R-Sep-19-50-pT53
R-Sep-19-50-pT53;MZ670944.1;Yam mosaic virus;2019-09-03;Nigeria;Dioscorea cayenensis subsp. rotundata;R-Sep-19-50-pT53
R-Sep-19-50-pT53;MZ670944.1;Yam mosaic virus;2019-09-03;Nigeria;Dioscorea cayenensis subsp. rotundata;R-Sep-19-50-pT53
R-Oct-19-50-pT51;MZ670945.1;Yam mosaic virus;2019-10-16;Nigeria;Dioscorea cayenensis subsp. rotundata;R-Oct-19-50-pT51
R-Oct-19-50-pT51;MZ670945.1;Yam mosaic virus;2019-10-16;Nigeria;Dioscorea cayenensis subsp. rotundata;R-Oct-19-50-pT51
R-Oct-19-50-pT51;MZ670945.1;Yam mosaic virus;2019-10-16;Nigeria;Dioscorea cayenensis subsp. rotundata;R-Oct-19-50-pT51
R-Oct-19-50-pT22;MZ670946.1;Yam mosaic virus;2019-10-16;Nigeria;Dioscorea cayenensis subsp. rotundata;R-Oct-19-50-pT22
R-Oct-19-50-pT22;MZ670946.1;Yam mosaic virus;2019-10-16;Nigeria;Dioscorea cayenensis subsp. rotundata;R-Oct-19-50-pT22
R-Oct-19-50-pT22;MZ670946.1;Yam mosaic virus;2019-10-16;Nigeria;Dioscorea cayenensis subsp. rotundata;R-Oct-19-50-pT22
R-Oct-19-50-pT1;MZ670947.1;Yam mosaic virus;2019-10-16;Nigeria;Dioscorea cayenensis subsp. rotundata;R-Oct-19-50-pT1
R-Oct-19-50-pT1;MZ670947.1;Yam mosaic virus;2019-10-16;Nigeria;Dioscorea cayenensis subsp. rotundata;R-Oct-19-50-pT1
R-Oct-19-50-pT1;MZ670947.1;Yam mosaic virus;2019-10-16;Nigeria;Dioscorea cayenensis subsp. rotundata;R-Oct-19-50-pT1
R-Oct-19-50-pT32;MZ670948.1;Yam mosaic virus;2019-10-16;Nigeria;Dioscorea cayenensis subsp. rotundata;R-Oct-19-50-pT32
R-Oct-19-50-pT32;MZ670948.1;Yam mosaic virus;2019-10-16;Nigeria;Dioscorea cayenensis subsp. rotundata;R-Oct-19-50-pT32
R-Oct-19-50-pT32;MZ670948.1;Yam mosaic virus;2019-10-16;Nigeria;Dioscorea cayenensis subsp. rotundata;R-Oct-19-50-pT32
R-Aug-19-50-pT4;MZ670949.1;Yam mosaic virus;2019-08-11;Nigeria;Dioscorea cayenensis subsp. rotundata;R-Aug-19-50-pT4
R-Aug-19-50-pT4;MZ670949.1;Yam mosaic virus;2019-08-11;Nigeria;Dioscorea cayenensis subsp. rotundata;R-Aug-19-50-pT4
R-Aug-19-50-pT4;MZ670949.1;Yam mosaic virus;2019-08-11;Nigeria;Dioscorea cayenensis subsp. rotundata;R-Aug-19-50-pT4
R-Oct-19-50-pT12;MZ670950.1;Yam mosaic virus;2019-10-16;Nigeria;Dioscorea cayenensis subsp. rotundata;R-Oct-19-50-pT12
R-Oct-19-50-pT12;MZ670950.1;Yam mosaic virus;2019-10-16;Nigeria;Dioscorea cayenensis subsp. rotundata;R-Oct-19-50-pT12
R-Oct-19-50-pT12;MZ670950.1;Yam mosaic virus;2019-10-16;Nigeria;Dioscorea cayenensis subsp. rotundata;R-Oct-19-50-pT12
R-Aug-19-50-pT3;MZ670951.1;Yam mosaic virus;2019-08-11;Nigeria;Dioscorea cayenensis subsp. rotundata;R-Aug-19-50-pT3
R-Aug-19-50-pT3;MZ670951.1;Yam mosaic virus;2019-08-11;Nigeria;Dioscorea cayenensis subsp. rotundata;R-Aug-19-50-pT3
R-Aug-19-50-pT3;MZ670951.1;Yam mosaic virus;2019-08-11;Nigeria;Dioscorea cayenensis subsp. rotundata;R-Aug-19-50-pT3
R-Oct-20-2-V1TA-1;MZ670952.1;Yam mosaic virus;2020-10-16;Nigeria;Dioscorea cayenensis subsp. rotundata;R-Oct-20-2-V1TA-1
R-Oct-20-2-V1TA-1;MZ670952.1;Yam mosaic virus;2020-10-16;Nigeria;Dioscorea cayenensis subsp. rotundata;R-Oct-20-2-V1TA-1
R-Oct-20-2-V1TA-1;MZ670952.1;Yam mosaic virus;2020-10-16;Nigeria;Dioscorea cayenensis subsp. rotundata;R-Oct-20-2-V1TA-1
R-Oct-20-2-V1TD-1;MZ670953.1;Yam mosaic virus;2020-10-16;Nigeria;Dioscorea cayenensis subsp. rotundata;R-Oct-20-2-V1TD-1
R-Oct-20-2-V1TD-1;MZ670953.1;Yam mosaic virus;2020-10-16;Nigeria;Dioscorea cayenensis subsp. rotundata;R-Oct-20-2-V1TD-1
R-Oct-20-2-V1TD-1;MZ670953.1;Yam mosaic virus;2020-10-16;Nigeria;Dioscorea cayenensis subsp. rotundata;R-Oct-20-2-V1TD-1
R-Oct-20-2-V1TB-1;MZ670954.1;Yam mosaic virus;2020-10-16;Nigeria;Dioscorea cayenensis subsp. rotundata;R-Oct-20-2-V1TB-1
R-Oct-20-2-V1TB-1;MZ670954.1;Yam mosaic virus;2020-10-16;Nigeria;Dioscorea cayenensis subsp. rotundata;R-Oct-20-2-V1TB-1
R-Oct-20-2-V1TB-1;MZ670954.1;Yam mosaic virus;2020-10-16;Nigeria;Dioscorea cayenensis subsp. rotundata;R-Oct-20-2-V1TB-1
R-Oct-20-2-V1TC-1;MZ670955.1;Yam mosaic virus;2020-10-16;Nigeria;Dioscorea cayenensis subsp. rotundata;R-Oct-20-2-V1TC-1
R-Oct-20-2-V1TC-1;MZ670955.1;Yam mosaic virus;2020-10-16;Nigeria;Dioscorea cayenensis subsp. rotundata;R-Oct-20-2-V1TC-1
R-Oct-20-2-V1TC-1;MZ670955.1;Yam mosaic virus;2020-10-16;Nigeria;Dioscorea cayenensis subsp. rotundata;R-Oct-20-2-V1TC-1
R-Oct-20-2-V1BD-1;MZ670956.1;Yam mosaic virus;2020-10-16;Nigeria;Dioscorea cayenensis subsp. rotundata;R-Oct-20-2-V1BD-1
R-Oct-20-2-V1BD-1;MZ670956.1;Yam mosaic virus;2020-10-16;Nigeria;Dioscorea cayenensis subsp. rotundata;R-Oct-20-2-V1BD-1
R-Oct-20-2-V1BD-1;MZ670956.1;Yam mosaic virus;2020-10-16;Nigeria;Dioscorea cayenensis subsp. rotundata;R-Oct-20-2-V1BD-1
R-Oct-20-2-V1BA-1;MZ670957.1;Yam mosaic virus;2020-10-16;Nigeria;Dioscorea cayenensis subsp. rotundata;R-Oct-20-2-V1BA-1
R-Oct-20-2-V1BA-1;MZ670957.1;Yam mosaic virus;2020-10-16;Nigeria;Dioscorea cayenensis subsp. rotundata;R-Oct-20-2-V1BA-1
R-Oct-20-2-V1BA-1;MZ670957.1;Yam mosaic virus;2020-10-16;Nigeria;Dioscorea cayenensis subsp. rotundata;R-Oct-20-2-V1BA-1
R-Oct-20-2-V1BC-1;MZ670958.1;Yam mosaic virus;2020-10-16;Nigeria;Dioscorea cayenensis subsp. rotundata;R-Oct-20-2-V1BC-1
R-Oct-20-2-V1BC-1;MZ670958.1;Yam mosaic virus;2020-10-16;Nigeria;Dioscorea cayenensis subsp. rotundata;R-Oct-20-2-V1BC-1
R-Oct-20-2-V1BC-1;MZ670958.1;Yam mosaic virus;2020-10-16;Nigeria;Dioscorea cayenensis subsp. rotundata;R-Oct-20-2-V1BC-1
R-Oct-20-2-V1BB-1;MZ670959.1;Yam mosaic virus;2020-10-16;Nigeria;Dioscorea cayenensis subsp. rotundata;R-Oct-20-2-V1BB-1
R-Oct-20-2-V1BB-1;MZ670959.1;Yam mosaic virus;2020-10-16;Nigeria;Dioscorea cayenensis subsp. rotundata;R-Oct-20-2-V1BB-1
R-Oct-20-2-V1BB-1;MZ670959.1;Yam mosaic virus;2020-10-16;Nigeria;Dioscorea cayenensis subsp. rotundata;R-Oct-20-2-V1BB-1
R-Oct-20-2-V1BD-2;MZ670960.1;Yam mosaic virus;2020-10-16;Nigeria;Dioscorea cayenensis subsp. rotundata;R-Oct-20-2-V1BD-2
R-Oct-20-2-V1BD-2;MZ670960.1;Yam mosaic virus;2020-10-16;Nigeria;Dioscorea cayenensis subsp. rotundata;R-Oct-20-2-V1BD-2
R-Oct-20-2-V1BD-2;MZ670960.1;Yam mosaic virus;2020-10-16;Nigeria;Dioscorea cayenensis subsp. rotundata;R-Oct-20-2-V1BD-2
R-Oct-20-2-V2BB-1;MZ670961.1;Yam mosaic virus;2020-10-16;Nigeria;Dioscorea cayenensis subsp. rotundata;R-Oct-20-2-V2BB-1
R-Oct-20-2-V2BB-1;MZ670961.1;Yam mosaic virus;2020-10-16;Nigeria;Dioscorea cayenensis subsp. rotundata;R-Oct-20-2-V2BB-1
R-Oct-20-2-V2BB-1;MZ670961.1;Yam mosaic virus;2020-10-16;Nigeria;Dioscorea cayenensis subsp. rotundata;R-Oct-20-2-V2BB-1
R-Oct-20-2-V2BC-1;MZ670962.1;Yam mosaic virus;2020-10-16;Nigeria;Dioscorea cayenensis subsp. rotundata;R-Oct-20-2-V2BC-1
R-Oct-20-2-V2BC-1;MZ670962.1;Yam mosaic virus;2020-10-16;Nigeria;Dioscorea cayenensis subsp. rotundata;R-Oct-20-2-V2BC-1
R-Oct-20-2-V2BC-1;MZ670962.1;Yam mosaic virus;2020-10-16;Nigeria;Dioscorea cayenensis subsp. rotundata;R-Oct-20-2-V2BC-1
R-Oct-20-2-V2BA-1;MZ670963.1;Yam mosaic virus;2020-10-16;Nigeria;Dioscorea cayenensis subsp. rotundata;R-Oct-20-2-V2BA-1
R-Oct-20-2-V2BA-1;MZ670963.1;Yam mosaic virus;2020-10-16;Nigeria;Dioscorea cayenensis subsp. rotundata;R-Oct-20-2-V2BA-1
R-Oct-20-2-V2BA-1;MZ670963.1;Yam mosaic virus;2020-10-16;Nigeria;Dioscorea cayenensis subsp. rotundata;R-Oct-20-2-V2BA-1
R-Oct-20-2-V2TB-1;MZ670964.1;Yam mosaic virus;2020-10-16;Nigeria;Dioscorea cayenensis subsp. rotundata;R-Oct-20-2-V2TB-1
R-Oct-20-2-V2TB-1;MZ670964.1;Yam mosaic virus;2020-10-16;Nigeria;Dioscorea cayenensis subsp. rotundata;R-Oct-20-2-V2TB-1
R-Oct-20-2-V2TB-1;MZ670964.1;Yam mosaic virus;2020-10-16;Nigeria;Dioscorea cayenensis subsp. rotundata;R-Oct-20-2-V2TB-1
R-Oct-20-2-V1TA-2;MZ670965.1;Yam mosaic virus;2020-10-16;Nigeria;Dioscorea cayenensis subsp. rotundata;R-Oct-20-2-V1TA-2
R-Oct-20-2-V1TA-2;MZ670965.1;Yam mosaic virus;2020-10-16;Nigeria;Dioscorea cayenensis subsp. rotundata;R-Oct-20-2-V1TA-2
R-Oct-20-2-V1TA-2;MZ670965.1;Yam mosaic virus;2020-10-16;Nigeria;Dioscorea cayenensis subsp. rotundata;R-Oct-20-2-V1TA-2
R-Oct-20-2-V1TD-2;MZ670966.1;Yam mosaic virus;2020-10-16;Nigeria;Dioscorea cayenensis subsp. rotundata;R-Oct-20-2-V1TD-2
R-Oct-20-2-V1TD-2;MZ670966.1;Yam mosaic virus;2020-10-16;Nigeria;Dioscorea cayenensis subsp. rotundata;R-Oct-20-2-V1TD-2
R-Oct-20-2-V1TD-2;MZ670966.1;Yam mosaic virus;2020-10-16;Nigeria;Dioscorea cayenensis subsp. rotundata;R-Oct-20-2-V1TD-2
R-Oct-20-2-V1TB-2;MZ670967.1;Yam mosaic virus;2020-10-16;Nigeria;Dioscorea cayenensis subsp. rotundata;R-Oct-20-2-V1TB-2
R-Oct-20-2-V1TB-2;MZ670967.1;Yam mosaic virus;2020-10-16;Nigeria;Dioscorea cayenensis subsp. rotundata;R-Oct-20-2-V1TB-2
R-Oct-20-2-V1TB-2;MZ670967.1;Yam mosaic virus;2020-10-16;Nigeria;Dioscorea cayenensis subsp. rotundata;R-Oct-20-2-V1TB-2
R-Oct-20-2-V1TC-2;MZ670968.1;Yam mosaic virus;2020-10-16;Nigeria;Dioscorea cayenensis subsp. rotundata;R-Oct-20-2-V1TC-2
R-Oct-20-2-V1TC-2;MZ670968.1;Yam mosaic virus;2020-10-16;Nigeria;Dioscorea cayenensis subsp. rotundata;R-Oct-20-2-V1TC-2
R-Oct-20-2-V1TC-2;MZ670968.1;Yam mosaic virus;2020-10-16;Nigeria;Dioscorea cayenensis subsp. rotundata;R-Oct-20-2-V1TC-2
R-Oct-20-2-V1BD-3;MZ670969.1;Yam mosaic virus;2020-10-16;Nigeria;Dioscorea cayenensis subsp. rotundata;R-Oct-20-2-V1BD-3
R-Oct-20-2-V1BD-3;MZ670969.1;Yam mosaic virus;2020-10-16;Nigeria;Dioscorea cayenensis subsp. rotundata;R-Oct-20-2-V1BD-3
R-Oct-20-2-V1BD-3;MZ670969.1;Yam mosaic virus;2020-10-16;Nigeria;Dioscorea cayenensis subsp. rotundata;R-Oct-20-2-V1BD-3
R-Oct-20-2-V1BA-2;MZ670970.1;Yam mosaic virus;2020-10-16;Nigeria;Dioscorea cayenensis subsp. rotundata;R-Oct-20-2-V1BA-2
R-Oct-20-2-V1BA-2;MZ670970.1;Yam mosaic virus;2020-10-16;Nigeria;Dioscorea cayenensis subsp. rotundata;R-Oct-20-2-V1BA-2
R-Oct-20-2-V1BA-2;MZ670970.1;Yam mosaic virus;2020-10-16;Nigeria;Dioscorea cayenensis subsp. rotundata;R-Oct-20-2-V1BA-2
R-Oct-20-2-V1BC-2;MZ670971.1;Yam mosaic virus;2020-10-16;Nigeria;Dioscorea cayenensis subsp. rotundata;R-Oct-20-2-V1BC-2
R-Oct-20-2-V1BC-2;MZ670971.1;Yam mosaic virus;2020-10-16;Nigeria;Dioscorea cayenensis subsp. rotundata;R-Oct-20-2-V1BC-2
R-Oct-20-2-V1BC-2;MZ670971.1;Yam mosaic virus;2020-10-16;Nigeria;Dioscorea cayenensis subsp. rotundata;R-Oct-20-2-V1BC-2
R-Oct-20-2-V1BB-2;MZ670972.1;Yam mosaic virus;2020-10-16;Nigeria;Dioscorea cayenensis subsp. rotundata;R-Oct-20-2-V1BB-2
R-Oct-20-2-V1BB-2;MZ670972.1;Yam mosaic virus;2020-10-16;Nigeria;Dioscorea cayenensis subsp. rotundata;R-Oct-20-2-V1BB-2
R-Oct-20-2-V1BB-2;MZ670972.1;Yam mosaic virus;2020-10-16;Nigeria;Dioscorea cayenensis subsp. rotundata;R-Oct-20-2-V1BB-2
R-Oct-20-2-V1BD-4;MZ670973.1;Yam mosaic virus;2020-10-16;Nigeria;Dioscorea cayenensis subsp. rotundata;R-Oct-20-2-V1BD-4
R-Oct-20-2-V1BD-4;MZ670973.1;Yam mosaic virus;2020-10-16;Nigeria;Dioscorea cayenensis subsp. rotundata;R-Oct-20-2-V1BD-4
R-Oct-20-2-V1BD-4;MZ670973.1;Yam mosaic virus;2020-10-16;Nigeria;Dioscorea cayenensis subsp. rotundata;R-Oct-20-2-V1BD-4
R-Oct-20-2-V2BB-2;MZ670974.1;Yam mosaic virus;2020-10-16;Nigeria;Dioscorea cayenensis subsp. rotundata;R-Oct-20-2-V2BB-2
R-Oct-20-2-V2BB-2;MZ670974.1;Yam mosaic virus;2020-10-16;Nigeria;Dioscorea cayenensis subsp. rotundata;R-Oct-20-2-V2BB-2
R-Oct-20-2-V2BB-2;MZ670974.1;Yam mosaic virus;2020-10-16;Nigeria;Dioscorea cayenensis subsp. rotundata;R-Oct-20-2-V2BB-2
R-Oct-20-2-V2BC-2;MZ670975.1;Yam mosaic virus;2020-10-16;Nigeria;Dioscorea cayenensis subsp. rotundata;R-Oct-20-2-V2BC-2
R-Oct-20-2-V2BC-2;MZ670975.1;Yam mosaic virus;2020-10-16;Nigeria;Dioscorea cayenensis subsp. rotundata;R-Oct-20-2-V2BC-2
R-Oct-20-2-V2BC-2;MZ670975.1;Yam mosaic virus;2020-10-16;Nigeria;Dioscorea cayenensis subsp. rotundata;R-Oct-20-2-V2BC-2
R-Oct-20-2-V2TA-1;MZ670976.1;Yam mosaic virus;2020-10-16;Nigeria;Dioscorea cayenensis subsp. rotundata;R-Oct-20-2-V2TA-1
R-Oct-20-2-V2TA-1;MZ670976.1;Yam mosaic virus;2020-10-16;Nigeria;Dioscorea cayenensis subsp. rotundata;R-Oct-20-2-V2TA-1
R-Oct-20-2-V2TA-1;MZ670976.1;Yam mosaic virus;2020-10-16;Nigeria;Dioscorea cayenensis subsp. rotundata;R-Oct-20-2-V2TA-1
R-Oct-20-2-V2TC-1;MZ670977.1;Yam mosaic virus;2020-10-16;Nigeria;Dioscorea cayenensis subsp. rotundata;R-Oct-20-2-V2TC-1
R-Oct-20-2-V2TC-1;MZ670977.1;Yam mosaic virus;2020-10-16;Nigeria;Dioscorea cayenensis subsp. rotundata;R-Oct-20-2-V2TC-1
R-Oct-20-2-V2TC-1;MZ670977.1;Yam mosaic virus;2020-10-16;Nigeria;Dioscorea cayenensis subsp. rotundata;R-Oct-20-2-V2TC-1
R-Oct-20-2-V2TB-2;MZ670978.1;Yam mosaic virus;2020-10-16;Nigeria;Dioscorea cayenensis subsp. rotundata;R-Oct-20-2-V2TB-2
R-Oct-20-2-V2TB-2;MZ670978.1;Yam mosaic virus;2020-10-16;Nigeria;Dioscorea cayenensis subsp. rotundata;R-Oct-20-2-V2TB-2
R-Oct-20-2-V2TB-2;MZ670978.1;Yam mosaic virus;2020-10-16;Nigeria;Dioscorea cayenensis subsp. rotundata;R-Oct-20-2-V2TB-2
R-Oct-20-2-V2TD-1;MZ670979.1;Yam mosaic virus;2020-10-16;Nigeria;Dioscorea cayenensis subsp. rotundata;R-Oct-20-2-V2TD-1
R-Oct-20-2-V2TD-1;MZ670979.1;Yam mosaic virus;2020-10-16;Nigeria;Dioscorea cayenensis subsp. rotundata;R-Oct-20-2-V2TD-1
R-Oct-20-2-V2TD-1;MZ670979.1;Yam mosaic virus;2020-10-16;Nigeria;Dioscorea cayenensis subsp. rotundata;R-Oct-20-2-V2TD-1
R-Sep-20-2-V1TA-1;MZ670980.1;Yam mosaic virus;2020-09-03;Nigeria;Dioscorea cayenensis subsp. rotundata;R-Sep-20-2-V1TA-1
R-Sep-20-2-V1TA-1;MZ670980.1;Yam mosaic virus;2020-09-03;Nigeria;Dioscorea cayenensis subsp. rotundata;R-Sep-20-2-V1TA-1
R-Sep-20-2-V1TA-1;MZ670980.1;Yam mosaic virus;2020-09-03;Nigeria;Dioscorea cayenensis subsp. rotundata;R-Sep-20-2-V1TA-1
R-Sep-20-2-V1TD-1;MZ670981.1;Yam mosaic virus;2020-09-03;Nigeria;Dioscorea cayenensis subsp. rotundata;R-Sep-20-2-V1TD-1
R-Sep-20-2-V1TD-1;MZ670981.1;Yam mosaic virus;2020-09-03;Nigeria;Dioscorea cayenensis subsp. rotundata;R-Sep-20-2-V1TD-1
R-Sep-20-2-V1TD-1;MZ670981.1;Yam mosaic virus;2020-09-03;Nigeria;Dioscorea cayenensis subsp. rotundata;R-Sep-20-2-V1TD-1
R-Sep-20-2-V1TB-1;MZ670982.1;Yam mosaic virus;2020-09-03;Nigeria;Dioscorea cayenensis subsp. rotundata;R-Sep-20-2-V1TB-1
R-Sep-20-2-V1TB-1;MZ670982.1;Yam mosaic virus;2020-09-03;Nigeria;Dioscorea cayenensis subsp. rotundata;R-Sep-20-2-V1TB-1
R-Sep-20-2-V1TB-1;MZ670982.1;Yam mosaic virus;2020-09-03;Nigeria;Dioscorea cayenensis subsp. rotundata;R-Sep-20-2-V1TB-1
R-Sep-20-2-V1BD-1;MZ670983.1;Yam mosaic virus;2020-09-03;Nigeria;Dioscorea cayenensis subsp. rotundata;R-Sep-20-2-V1BD-1
R-Sep-20-2-V1BD-1;MZ670983.1;Yam mosaic virus;2020-09-03;Nigeria;Dioscorea cayenensis subsp. rotundata;R-Sep-20-2-V1BD-1
R-Sep-20-2-V1BD-1;MZ670983.1;Yam mosaic virus;2020-09-03;Nigeria;Dioscorea cayenensis subsp. rotundata;R-Sep-20-2-V1BD-1
R-Sep-20-2-V1BA-1;MZ670984.1;Yam mosaic virus;2020-09-03;Nigeria;Dioscorea cayenensis subsp. rotundata;R-Sep-20-2-V1BA-1
R-Sep-20-2-V1BA-1;MZ670984.1;Yam mosaic virus;2020-09-03;Nigeria;Dioscorea cayenensis subsp. rotundata;R-Sep-20-2-V1BA-1
R-Sep-20-2-V1BA-1;MZ670984.1;Yam mosaic virus;2020-09-03;Nigeria;Dioscorea cayenensis subsp. rotundata;R-Sep-20-2-V1BA-1
R-Sep-20-2-V1BC-1;MZ670985.1;Yam mosaic virus;2020-09-03;Nigeria;Dioscorea cayenensis subsp. rotundata;R-Sep-20-2-V1BC-1
R-Sep-20-2-V1BC-1;MZ670985.1;Yam mosaic virus;2020-09-03;Nigeria;Dioscorea cayenensis subsp. rotundata;R-Sep-20-2-V1BC-1
R-Sep-20-2-V1BC-1;MZ670985.1;Yam mosaic virus;2020-09-03;Nigeria;Dioscorea cayenensis subsp. rotundata;R-Sep-20-2-V1BC-1
R-Sep-20-2-V1BB-1;MZ670986.1;Yam mosaic virus;2020-09-03;Nigeria;Dioscorea cayenensis subsp. rotundata;R-Sep-20-2-V1BB-1
R-Sep-20-2-V1BB-1;MZ670986.1;Yam mosaic virus;2020-09-03;Nigeria;Dioscorea cayenensis subsp. rotundata;R-Sep-20-2-V1BB-1
R-Sep-20-2-V1BB-1;MZ670986.1;Yam mosaic virus;2020-09-03;Nigeria;Dioscorea cayenensis subsp. rotundata;R-Sep-20-2-V1BB-1
R-Sep-20-2-V1BD-2;MZ670987.1;Yam mosaic virus;2020-09-03;Nigeria;Dioscorea cayenensis subsp. rotundata;R-Sep-20-2-V1BD-2
R-Sep-20-2-V1BD-2;MZ670987.1;Yam mosaic virus;2020-09-03;Nigeria;Dioscorea cayenensis subsp. rotundata;R-Sep-20-2-V1BD-2
R-Sep-20-2-V1BD-2;MZ670987.1;Yam mosaic virus;2020-09-03;Nigeria;Dioscorea cayenensis subsp. rotundata;R-Sep-20-2-V1BD-2
R-Sep-20-2-V2BC-1;MZ670988.1;Yam mosaic virus;2020-09-03;Nigeria;Dioscorea cayenensis subsp. rotundata;R-Sep-20-2-V2BC-1
R-Sep-20-2-V2BC-1;MZ670988.1;Yam mosaic virus;2020-09-03;Nigeria;Dioscorea cayenensis subsp. rotundata;R-Sep-20-2-V2BC-1
R-Sep-20-2-V2BC-1;MZ670988.1;Yam mosaic virus;2020-09-03;Nigeria;Dioscorea cayenensis subsp. rotundata;R-Sep-20-2-V2BC-1
R-Sep-20-2-V2BA-1;MZ670989.1;Yam mosaic virus;2020-09-03;Nigeria;Dioscorea cayenensis subsp. rotundata;R-Sep-20-2-V2BA-1
R-Sep-20-2-V2BA-1;MZ670989.1;Yam mosaic virus;2020-09-03;Nigeria;Dioscorea cayenensis subsp. rotundata;R-Sep-20-2-V2BA-1
R-Sep-20-2-V2BA-1;MZ670989.1;Yam mosaic virus;2020-09-03;Nigeria;Dioscorea cayenensis subsp. rotundata;R-Sep-20-2-V2BA-1
R-Sep-20-2-V2TA-1;MZ670990.1;Yam mosaic virus;2020-09-03;Nigeria;Dioscorea cayenensis subsp. rotundata;R-Sep-20-2-V2TA-1
R-Sep-20-2-V2TA-1;MZ670990.1;Yam mosaic virus;2020-09-03;Nigeria;Dioscorea cayenensis subsp. rotundata;R-Sep-20-2-V2TA-1
R-Sep-20-2-V2TA-1;MZ670990.1;Yam mosaic virus;2020-09-03;Nigeria;Dioscorea cayenensis subsp. rotundata;R-Sep-20-2-V2TA-1
R-Sep-20-2-V2TC-1;MZ670991.1;Yam mosaic virus;2020-09-03;Nigeria;Dioscorea cayenensis subsp. rotundata;R-Sep-20-2-V2TC-1
R-Sep-20-2-V2TC-1;MZ670991.1;Yam mosaic virus;2020-09-03;Nigeria;Dioscorea cayenensis subsp. rotundata;R-Sep-20-2-V2TC-1
R-Sep-20-2-V2TC-1;MZ670991.1;Yam mosaic virus;2020-09-03;Nigeria;Dioscorea cayenensis subsp. rotundata;R-Sep-20-2-V2TC-1
R-Sep-20-2-V2TD-1;MZ670992.1;Yam mosaic virus;2020-09-03;Nigeria;Dioscorea cayenensis subsp. rotundata;R-Sep-20-2-V2TD-1
R-Sep-20-2-V2TD-1;MZ670992.1;Yam mosaic virus;2020-09-03;Nigeria;Dioscorea cayenensis subsp. rotundata;R-Sep-20-2-V2TD-1
R-Sep-20-2-V2TD-1;MZ670992.1;Yam mosaic virus;2020-09-03;Nigeria;Dioscorea cayenensis subsp. rotundata;R-Sep-20-2-V2TD-1
R-Sep-20-2-V1TA-2;MZ670993.1;Yam mosaic virus;2020-09-03;Nigeria;Dioscorea cayenensis subsp. rotundata;R-Sep-20-2-V1TA-2
R-Sep-20-2-V1TA-2;MZ670993.1;Yam mosaic virus;2020-09-03;Nigeria;Dioscorea cayenensis subsp. rotundata;R-Sep-20-2-V1TA-2
R-Sep-20-2-V1TA-2;MZ670993.1;Yam mosaic virus;2020-09-03;Nigeria;Dioscorea cayenensis subsp. rotundata;R-Sep-20-2-V1TA-2
R-Sep-20-2-V1TD-2;MZ670994.1;Yam mosaic virus;2020-09-03;Nigeria;Dioscorea cayenensis subsp. rotundata;R-Sep-20-2-V1TD-2
R-Sep-20-2-V1TD-2;MZ670994.1;Yam mosaic virus;2020-09-03;Nigeria;Dioscorea cayenensis subsp. rotundata;R-Sep-20-2-V1TD-2
R-Sep-20-2-V1TD-2;MZ670994.1;Yam mosaic virus;2020-09-03;Nigeria;Dioscorea cayenensis subsp. rotundata;R-Sep-20-2-V1TD-2
R-Sep-20-2-V1TB-2;MZ670995.1;Yam mosaic virus;2020-09-03;Nigeria;Dioscorea cayenensis subsp. rotundata;R-Sep-20-2-V1TB-2
R-Sep-20-2-V1TB-2;MZ670995.1;Yam mosaic virus;2020-09-03;Nigeria;Dioscorea cayenensis subsp. rotundata;R-Sep-20-2-V1TB-2
R-Sep-20-2-V1TB-2;MZ670995.1;Yam mosaic virus;2020-09-03;Nigeria;Dioscorea cayenensis subsp. rotundata;R-Sep-20-2-V1TB-2
R-Sep-20-2-V1TC-1;MZ670996.1;Yam mosaic virus;2020-09-03;Nigeria;Dioscorea cayenensis subsp. rotundata;R-Sep-20-2-V1TC-1
R-Sep-20-2-V1TC-1;MZ670996.1;Yam mosaic virus;2020-09-03;Nigeria;Dioscorea cayenensis subsp. rotundata;R-Sep-20-2-V1TC-1
R-Sep-20-2-V1TC-1;MZ670996.1;Yam mosaic virus;2020-09-03;Nigeria;Dioscorea cayenensis subsp. rotundata;R-Sep-20-2-V1TC-1
R-Sep-20-2-V1BA-2;MZ670997.1;Yam mosaic virus;2020-09-03;Nigeria;Dioscorea cayenensis subsp. rotundata;R-Sep-20-2-V1BA-2
R-Sep-20-2-V1BA-2;MZ670997.1;Yam mosaic virus;2020-09-03;Nigeria;Dioscorea cayenensis subsp. rotundata;R-Sep-20-2-V1BA-2
R-Sep-20-2-V1BA-2;MZ670997.1;Yam mosaic virus;2020-09-03;Nigeria;Dioscorea cayenensis subsp. rotundata;R-Sep-20-2-V1BA-2
R-Sep-20-2-V1BC-2;MZ670998.1;Yam mosaic virus;2020-09-03;Nigeria;Dioscorea cayenensis subsp. rotundata;R-Sep-20-2-V1BC-2
R-Sep-20-2-V1BC-2;MZ670998.1;Yam mosaic virus;2020-09-03;Nigeria;Dioscorea cayenensis subsp. rotundata;R-Sep-20-2-V1BC-2
R-Sep-20-2-V1BC-2;MZ670998.1;Yam mosaic virus;2020-09-03;Nigeria;Dioscorea cayenensis subsp. rotundata;R-Sep-20-2-V1BC-2
R-Sep-20-2-V1BB-2;MZ670999.1;Yam mosaic virus;2020-09-03;Nigeria;Dioscorea cayenensis subsp. rotundata;R-Sep-20-2-V1BB-2
R-Sep-20-2-V1BB-2;MZ670999.1;Yam mosaic virus;2020-09-03;Nigeria;Dioscorea cayenensis subsp. rotundata;R-Sep-20-2-V1BB-2
R-Sep-20-2-V1BB-2;MZ670999.1;Yam mosaic virus;2020-09-03;Nigeria;Dioscorea cayenensis subsp. rotundata;R-Sep-20-2-V1BB-2
R-Sep-20-2-V1BD-3;MZ671000.1;Yam mosaic virus;2020-09-03;Nigeria;Dioscorea cayenensis subsp. rotundata;R-Sep-20-2-V1BD-3
R-Sep-20-2-V1BD-3;MZ671000.1;Yam mosaic virus;2020-09-03;Nigeria;Dioscorea cayenensis subsp. rotundata;R-Sep-20-2-V1BD-3
R-Sep-20-2-V1BD-3;MZ671000.1;Yam mosaic virus;2020-09-03;Nigeria;Dioscorea cayenensis subsp. rotundata;R-Sep-20-2-V1BD-3
R-Sep-20-2-V2BB-1;MZ671001.1;Yam mosaic virus;2020-09-03;Nigeria;Dioscorea cayenensis subsp. rotundata;R-Sep-20-2-V2BB-1
R-Sep-20-2-V2BB-1;MZ671001.1;Yam mosaic virus;2020-09-03;Nigeria;Dioscorea cayenensis subsp. rotundata;R-Sep-20-2-V2BB-1
R-Sep-20-2-V2BB-1;MZ671001.1;Yam mosaic virus;2020-09-03;Nigeria;Dioscorea cayenensis subsp. rotundata;R-Sep-20-2-V2BB-1
R-Sep-20-2-V2BC-2;MZ671002.1;Yam mosaic virus;2020-09-03;Nigeria;Dioscorea cayenensis subsp. rotundata;R-Sep-20-2-V2BC-2
R-Sep-20-2-V2BC-2;MZ671002.1;Yam mosaic virus;2020-09-03;Nigeria;Dioscorea cayenensis subsp. rotundata;R-Sep-20-2-V2BC-2
R-Sep-20-2-V2BC-2;MZ671002.1;Yam mosaic virus;2020-09-03;Nigeria;Dioscorea cayenensis subsp. rotundata;R-Sep-20-2-V2BC-2
R-Sep-20-2-V2BA-2;MZ671003.1;Yam mosaic virus;2020-09-03;Nigeria;Dioscorea cayenensis subsp. rotundata;R-Sep-20-2-V2BA-2
R-Sep-20-2-V2BA-2;MZ671003.1;Yam mosaic virus;2020-09-03;Nigeria;Dioscorea cayenensis subsp. rotundata;R-Sep-20-2-V2BA-2
R-Sep-20-2-V2BA-2;MZ671003.1;Yam mosaic virus;2020-09-03;Nigeria;Dioscorea cayenensis subsp. rotundata;R-Sep-20-2-V2BA-2
R-Oct-20-2-V2TD-2;MZ671004.1;Yam mosaic virus;2020-10-18;Nigeria;Dioscorea cayenensis subsp. rotundata;R-Oct-20-2-V2TD-2
R-Oct-20-2-V2TD-2;MZ671004.1;Yam mosaic virus;2020-10-18;Nigeria;Dioscorea cayenensis subsp. rotundata;R-Oct-20-2-V2TD-2
R-Oct-20-2-V2TD-2;MZ671004.1;Yam mosaic virus;2020-10-18;Nigeria;Dioscorea cayenensis subsp. rotundata;R-Oct-20-2-V2TD-2
R-Oct-20-2-V2TB-3;MZ671005.1;Yam mosaic virus;2020-10-18;Nigeria;Dioscorea cayenensis subsp. rotundata;R-Oct-20-2-V2TB-3
R-Oct-20-2-V2TB-3;MZ671005.1;Yam mosaic virus;2020-10-18;Nigeria;Dioscorea cayenensis subsp. rotundata;R-Oct-20-2-V2TB-3
R-Oct-20-2-V2TB-3;MZ671005.1;Yam mosaic virus;2020-10-18;Nigeria;Dioscorea cayenensis subsp. rotundata;R-Oct-20-2-V2TB-3
R-Oct-20-2-V2TC-2;MZ671006.1;Yam mosaic virus;2020-10-18;Nigeria;Dioscorea cayenensis subsp. rotundata;R-Oct-20-2-V2TC-2
R-Oct-20-2-V2TC-2;MZ671006.1;Yam mosaic virus;2020-10-18;Nigeria;Dioscorea cayenensis subsp. rotundata;R-Oct-20-2-V2TC-2
R-Oct-20-2-V2TC-2;MZ671006.1;Yam mosaic virus;2020-10-18;Nigeria;Dioscorea cayenensis subsp. rotundata;R-Oct-20-2-V2TC-2
R-Oct-20-2-V2TA-2;MZ671007.1;Yam mosaic virus;2020-10-18;Nigeria;Dioscorea cayenensis subsp. rotundata;R-Oct-20-2-V2TA-2
R-Oct-20-2-V2TA-2;MZ671007.1;Yam mosaic virus;2020-10-18;Nigeria;Dioscorea cayenensis subsp. rotundata;R-Oct-20-2-V2TA-2
R-Oct-20-2-V2TA-2;MZ671007.1;Yam mosaic virus;2020-10-18;Nigeria;Dioscorea cayenensis subsp. rotundata;R-Oct-20-2-V2TA-2
R-Aug-20-2-V2BB-2;MZ671008.1;Yam mosaic virus;2020-08-16;Nigeria;Dioscorea cayenensis subsp. rotundata;R-Aug-20-2-V2BB-2
R-Aug-20-2-V2BB-2;MZ671008.1;Yam mosaic virus;2020-08-16;Nigeria;Dioscorea cayenensis subsp. rotundata;R-Aug-20-2-V2BB-2
R-Aug-20-2-V2BB-2;MZ671008.1;Yam mosaic virus;2020-08-16;Nigeria;Dioscorea cayenensis subsp. rotundata;R-Aug-20-2-V2BB-2
R-Aug-20-2-V2BC-1;MZ671009.1;Yam mosaic virus;2020-08-16;Nigeria;Dioscorea cayenensis subsp. rotundata;R-Aug-20-2-V2BC-1
R-Aug-20-2-V2BC-1;MZ671009.1;Yam mosaic virus;2020-08-16;Nigeria;Dioscorea cayenensis subsp. rotundata;R-Aug-20-2-V2BC-1
R-Aug-20-2-V2BC-1;MZ671009.1;Yam mosaic virus;2020-08-16;Nigeria;Dioscorea cayenensis subsp. rotundata;R-Aug-20-2-V2BC-1
R-Aug-20-2-V2TC-1;MZ671010.1;Yam mosaic virus;2020-08-16;Nigeria;Dioscorea cayenensis subsp. rotundata;R-Aug-20-2-V2TC-1
R-Aug-20-2-V2TC-1;MZ671010.1;Yam mosaic virus;2020-08-16;Nigeria;Dioscorea cayenensis subsp. rotundata;R-Aug-20-2-V2TC-1
R-Aug-20-2-V2TC-1;MZ671010.1;Yam mosaic virus;2020-08-16;Nigeria;Dioscorea cayenensis subsp. rotundata;R-Aug-20-2-V2TC-1
R-Aug-20-2-V2TD-1;MZ671011.1;Yam mosaic virus;2020-08-16;Nigeria;Dioscorea cayenensis subsp. rotundata;R-Aug-20-2-V2TD-1
R-Aug-20-2-V2TD-1;MZ671011.1;Yam mosaic virus;2020-08-16;Nigeria;Dioscorea cayenensis subsp. rotundata;R-Aug-20-2-V2TD-1
R-Aug-20-2-V2TD-1;MZ671011.1;Yam mosaic virus;2020-08-16;Nigeria;Dioscorea cayenensis subsp. rotundata;R-Aug-20-2-V2TD-1
R-Aug-20-2-V1TB-1;MZ671012.1;Yam mosaic virus;2020-08-16;Nigeria;Dioscorea cayenensis subsp. rotundata;R-Aug-20-2-V1TB-1
R-Aug-20-2-V1TB-1;MZ671012.1;Yam mosaic virus;2020-08-16;Nigeria;Dioscorea cayenensis subsp. rotundata;R-Aug-20-2-V1TB-1
R-Aug-20-2-V1TB-1;MZ671012.1;Yam mosaic virus;2020-08-16;Nigeria;Dioscorea cayenensis subsp. rotundata;R-Aug-20-2-V1TB-1
R-Aug-20-2-V2TA-1;MZ671013.1;Yam mosaic virus;2020-08-16;Nigeria;Dioscorea cayenensis subsp. rotundata;R-Aug-20-2-V2TA-1
R-Aug-20-2-V2TA-1;MZ671013.1;Yam mosaic virus;2020-08-16;Nigeria;Dioscorea cayenensis subsp. rotundata;R-Aug-20-2-V2TA-1
R-Aug-20-2-V2TA-1;MZ671013.1;Yam mosaic virus;2020-08-16;Nigeria;Dioscorea cayenensis subsp. rotundata;R-Aug-20-2-V2TA-1
R-Aug-20-2-V1BA-1;MZ671014.1;Yam mosaic virus;2020-08-16;Nigeria;Dioscorea cayenensis subsp. rotundata;R-Aug-20-2-V1BA-1
R-Aug-20-2-V1BA-1;MZ671014.1;Yam mosaic virus;2020-08-16;Nigeria;Dioscorea cayenensis subsp. rotundata;R-Aug-20-2-V1BA-1
R-Aug-20-2-V1BA-1;MZ671014.1;Yam mosaic virus;2020-08-16;Nigeria;Dioscorea cayenensis subsp. rotundata;R-Aug-20-2-V1BA-1
R-Aug-20-2-V1TB-2;MZ671015.1;Yam mosaic virus;2020-08-16;Nigeria;Dioscorea cayenensis subsp. rotundata;R-Aug-20-2-V1TB-2
R-Aug-20-2-V1TB-2;MZ671015.1;Yam mosaic virus;2020-08-16;Nigeria;Dioscorea cayenensis subsp. rotundata;R-Aug-20-2-V1TB-2
R-Aug-20-2-V1TB-2;MZ671015.1;Yam mosaic virus;2020-08-16;Nigeria;Dioscorea cayenensis subsp. rotundata;R-Aug-20-2-V1TB-2
R-Aug-20-2-V1TC-1;MZ671016.1;Yam mosaic virus;2020-08-16;Nigeria;Dioscorea cayenensis subsp. rotundata;R-Aug-20-2-V1TC-1
R-Aug-20-2-V1TC-1;MZ671016.1;Yam mosaic virus;2020-08-16;Nigeria;Dioscorea cayenensis subsp. rotundata;R-Aug-20-2-V1TC-1
R-Aug-20-2-V1TC-1;MZ671016.1;Yam mosaic virus;2020-08-16;Nigeria;Dioscorea cayenensis subsp. rotundata;R-Aug-20-2-V1TC-1
R-Aug-20-2-V1TD-1;MZ671017.1;Yam mosaic virus;2020-08-16;Nigeria;Dioscorea cayenensis subsp. rotundata;R-Aug-20-2-V1TD-1
R-Aug-20-2-V1TD-1;MZ671017.1;Yam mosaic virus;2020-08-16;Nigeria;Dioscorea cayenensis subsp. rotundata;R-Aug-20-2-V1TD-1
R-Aug-20-2-V1TD-1;MZ671017.1;Yam mosaic virus;2020-08-16;Nigeria;Dioscorea cayenensis subsp. rotundata;R-Aug-20-2-V1TD-1
R-Aug-20-2-V1BB-1;MZ671018.1;Yam mosaic virus;2020-08-16;Nigeria;Dioscorea cayenensis subsp. rotundata;R-Aug-20-2-V1BB-1
R-Aug-20-2-V1BB-1;MZ671018.1;Yam mosaic virus;2020-08-16;Nigeria;Dioscorea cayenensis subsp. rotundata;R-Aug-20-2-V1BB-1
R-Aug-20-2-V1BB-1;MZ671018.1;Yam mosaic virus;2020-08-16;Nigeria;Dioscorea cayenensis subsp. rotundata;R-Aug-20-2-V1BB-1
R-Aug-20-2-V1BC-1;MZ671019.1;Yam mosaic virus;2020-08-16;Nigeria;Dioscorea cayenensis subsp. rotundata;R-Aug-20-2-V1BC-1
R-Aug-20-2-V1BC-1;MZ671019.1;Yam mosaic virus;2020-08-16;Nigeria;Dioscorea cayenensis subsp. rotundata;R-Aug-20-2-V1BC-1
R-Aug-20-2-V1BC-1;MZ671019.1;Yam mosaic virus;2020-08-16;Nigeria;Dioscorea cayenensis subsp. rotundata;R-Aug-20-2-V1BC-1
R-Aug-20-2-V1TA-1;MZ671020.1;Yam mosaic virus;2020-08-16;Nigeria;Dioscorea cayenensis subsp. rotundata;R-Aug-20-2-V1TA-1
R-Aug-20-2-V1TA-1;MZ671020.1;Yam mosaic virus;2020-08-16;Nigeria;Dioscorea cayenensis subsp. rotundata;R-Aug-20-2-V1TA-1
R-Aug-20-2-V1TA-1;MZ671020.1;Yam mosaic virus;2020-08-16;Nigeria;Dioscorea cayenensis subsp. rotundata;R-Aug-20-2-V1TA-1
BF48;U53437.1;Yam mosaic virus;1997-07-15;Burkina Faso;;BF48
BF48;U53437.1;Yam mosaic virus;1997-07-15;Burkina Faso;;BF48
Ivory Coast;U42596.1;Yam mosaic virus;1977-XX-XX;Ivory Coast;Dioscorea cayenensis;Ivory Coast
Ivory Coast;NC_004752.1;Yam mosaic virus;1977-XX-XX;Ivory Coast;Dioscorea cayenensis;Ivory Coast
YMV_DR2;OK239701.1;Yam mosaic virus;2019-XX-XX;Brazil;Dioscorea cayenensis subsp. rotundata;YMV_DR2
YMV_Dsp;OK239702.1;Yam mosaic virus;2014-XX-XX;Brazil;Dioscorea sp.;YMV_Dsp
YMV_I4;OL739290.1;Yam mosaic virus;2019-11-25;Brazil;Dioscorea cayenensis subsp. rotundata;YMV_I4
Trifida/C5;AJ238401.1;Yam mosaic virus;1986-XX-XX;Guadeloupe;Dioscorea trifida;Trifida/C5
CAM2;AJ244042.1;Yam mosaic virus;1994-XX-XX;Cameroon;Dioscorea cayenensis subsp. rotundata;CAM2
AID10/C5;AJ244043.1;Yam mosaic virus;1994-XX-XX;Puerto Rico;Dioscorea alata;AID10/C5
CGU2/C4;AJ244044.1;Yam mosaic virus;1994-XX-XX;Guadeloupe;Dioscorea cayenensis subsp. rotundata;CGU2/C4
GY/INRA/C11;AJ244045.1;Yam mosaic virus;1991-XX-XX;French Guiana;Dioscorea trifida;GY/INRA/C11
174/C1;AJ244046.1;Yam mosaic virus;1994-XX-XX;Benin;Dioscorea cayenensis subsp. Rotundata;174/C1
608;AJ244047.1;Yam mosaic virus;1992-XX-XX;Nigeria;Dioscorea cayenensis subsp. Rotundata;608
B1/C1;AJ244048.1;Yam mosaic virus;1994-XX-XX;Benin;Dioscorea cayenensis subsp. rotundata;B1/C1
B14;AJ244049.1;Yam mosaic virus;1994-XX-XX;Benin;Dioscorea cayenensis subsp. rotundata;B14
BFC51/C11;AJ244050.1;Yam mosaic virus;1992-XX-XX;Burkina Faso;Dioscorea cayenensis subsp. rotundata;BFC51/C11
BFC54;AJ244051.1;Yam mosaic virus;1992-XX-XX;Burkina Faso;Dioscorea cayenensis subsp. rotundata;BFC54
BFC56;AJ244052.1;Yam mosaic virus;1992-XX-XX;Burkina Faso;Dioscorea cayenensis subsp. rotundata;BFC56
C1/C3;AJ244053.1;Yam mosaic virus;1992-XX-XX;Burkina Faso;Dioscorea cayenensis subsp. rotundata;C1/C3
CAM1/C1;AJ244054.1;Yam mosaic virus;1994-XX-XX;Cameroon;Dioscorea cayenensis subsp. rotundata;CAM1/C1
CAM2/C31;AJ244055.1;Yam mosaic virus;1994-XX-XX;Cameroon;Dioscorea cayenensis subsp. rotundata;CAM2/C31
CBE6b/C3;AJ244056.1;Yam mosaic virus;1994-XX-XX;Benin;Dioscorea cayenensis subsp. rotundata;CBE6b/C3
CGU1/C18;AJ244057.1;Yam mosaic virus;1994-XX-XX;Guadeloupe;Dioscorea cayenensis subsp. rotundata;CGU1/C18
CID3/C12;AJ244058.1;Yam mosaic virus;1994-XX-XX;Cote d'Ivoire;Dioscorea cayenensis subsp. rotundata;CID3/C12
CKA1/C11;AJ244059.1;Yam mosaic virus;1994-XX-XX;Cote d'Ivoire;Dioscorea cayenensis subsp. rotundata;CKA1/C11
Divin;AJ244060.1;Yam mosaic virus;1989-XX-XX;Guadeloupe;Dioscorea alata;Divin
G13/C1;AJ244061.1;Yam mosaic virus;1992-XX-XX;French Guiana;Dioscorea trifida;G13/C1
G5/C10;AJ244062.1;Yam mosaic virus;1992-XX-XX;French Guiana;Dioscorea trifida;G5/C10
GR/SAVANE/C4;AJ244063.1;Yam mosaic virus;1991-XX-XX;Guadeloupe;Dioscorea cayenensis subsp. rotundata;GR/SAVANE/C4
POGNON/C1;AJ244064.1;Yam mosaic virus;1994-XX-XX;Guadeloupe;Dioscorea cayenensis subsp. rotundata;POGNON/C1
SOA AI/C1;AJ244065.1;Yam mosaic virus;1992-XX-XX;Burkina Faso;Dioscorea alata;SOA AI/C1
SOA2/C1;AJ244066.1;Yam mosaic virus;1992-XX-XX;Burkina Faso;Dioscorea alata;SOA2/C1
